name,year,jan,feb,mar,apr,may,jun,jul,aug,sep,oct,nov,dec,total,average
185 Taxes,2020,,1054.5,,,1053,,,1073.81,,1073,,,4254.31,354.53
185 Taxes,2021,,1063.5,,,1063,,,1089.7,,1089,,,4305.2,358.77
185 Taxes,2022,,1078,,,1077,,,1083.9,,1082,,,4320.9,360.08
185 Taxes,2023,,1118,,,1117,,,1122.69,,1121,,,4478.69,373.22
185 Taxes,2024,,1157,,,1157,,,1109.51,,1109,,,4532.51,377.71
185 Taxes,2025,,1171,,,1170,,,1163.95,,1163,,,4667.95,389
AGE,2024,152.62,198.03,18.07,,,,,,,,,,368.72,30.73
Air Travel,2015,357.93,,,,,,,,,,,,357.93,29.83
All Sales,2023,,,,,,,,-65,-65,-85,-444,-60,-719,-59.92
All Sales,2024,,,-63.55,-107.89,,,-170.21,-19.73,,-85,-302.87,-38,-787.25,-65.6
All Sales,2025,,,,,-84.29,,,,,,-80,-85,-249.29,-20.77
Amazon,2018,,,,,,,,,,,89.27,,89.27,7.44
Amazon,2019,,,,,,,,,,,89.27,,89.27,7.44
Amazon,2022,,,,,,,,,,,111.87,,111.87,9.32
Apple,2015,,,,,,,,6318.96,,41.08,,,6360.04,530
Apple,2018,18.06,,,,,,,,39.55,155.92,,,213.53,17.79
Apple,2022,,292.67,,,,,,,,,,,292.67,24.39
Appliances,2015,,,,355.15,,,,,,,,,355.15,29.6
Appliances,2018,,,,6025,,3000,6395.49,1514.79,50.82,,,,16986.1,1415.51
Appliances,2019,,,,253.98,151.68,280.73,,-16.95,,,,,669.44,55.79
Appliances,2020,,124.29,,,1810,,,,,,,,1934.29,161.19
Appliances,2021,,,,,,,,2674.64,93.77,112.96,,45.19,2926.56,243.88
Appliances,2022,,,22.59,,,22.59,,,,13.02,,,58.2,4.85
Appliances Household,2015,168.37,,45,28.24,348.99,,,,,,,,590.6,49.22
Appliances Household,2016,,,,,,,,2239.5,,8,,,2247.5,187.29
Appliances Household,2017,,,,,,,192.08,,,36.58,9.03,,237.69,19.81
Appliances Household,2018,60.38,135.59,,,,283.34,,,101.76,,13.27,,594.34,49.53
Appliances Household,2021,,,,,,791,,,,,,,791,65.92
Appliances Household,2022,,,,,,,,,,,248.59,,248.59,20.72
Appliances Household,2023,,,,,,,113,,,,,,113,9.42
Appliances Household,2025,,,,,,,,,,36.14,-25,,11.14,0.93
Bank Charge,2015,0,0,0,170,,,0,0,0,,,,170,14.17
Bank Charge,2016,125.8,49.81,3,-16.41,1.5,,,4.5,6,7.5,6,-0.01,187.69,15.64
Bank Charge,2017,135.37,51.31,3,,,,,,1.5,,,,191.18,15.93
Bank Charge,2018,135.6,49.81,,,73.45,4,,11.5,,84,,,358.36,29.86
Bank Charge,2019,,52.81,3,,0.08,4.5,,,4.5,,,,64.89,5.41
Bank Charge,2020,,47.51,,,,,,,,,108.23,,155.74,12.98
Bank Charge,2021,,44.3,,,,,,,4.03,,,,48.33,4.03
Bank Charge,2022,-0.38,47.51,,3,3,,,,,,,,53.13,4.43
Bank Charge,2023,240.15,134.22,6.23,,18.01,14.86,0.95,,,,,,414.42,34.54
Bank Charge,2024,,44.3,,9.95,1.16,,,,,,,,55.41,4.62
Bank Charge,2025,,50.61,,,,,,,0.43,5.82,1.09,,57.95,4.83
Bank Charges,2015,21,21,6,21,21,6,6,21,120.04,17.95,141,6,407.99,34
Bank Charges,2015,675.75,565.07,535.24,629.65,553.33,553.33,839.65,199.88,,,,,4551.9,379.32
Bank Charges,2016,6,22.5,6,6,6,7.5,6,6,6,6,120,6,204,17
Bank Charges,2017,6,,,,,,,,,,6,,12,1
Bathroom,2015,,,,,,16.37,,,,,29.35,13.4,59.12,4.93
Bathroom,2016,4.5,23.3,,,57.05,,,,18.96,,,,103.81,8.65
Bathroom,2017,7.9,,,50.26,,,,,,7.64,16.79,,82.59,6.88
Bathroom,2018,,,,,,,,22.58,,,,,22.58,1.88
Bathroom,2019,,,,,,,,8.45,73.49,66.05,,,147.99,12.33
Bathroom,2020,,,,6.77,,,,,,5.86,52.86,,65.49,5.46
Bathroom,2021,,,33.3,,20.33,,,,,,,,53.63,4.47
Bathroom,2023,,4.51,,,,45.19,,97.99,73.43,38.01,59.05,16.3,334.48,27.87
Bathroom,2024,10,14.07,11.77,36.84,,,,,,,,,72.68,6.06
Books,2015,3.38,,,,,,,,,,,,3.38,0.28
Books,2016,,0.1,,,,,,,,,,,0.1,0.01
Books,2017,,,,,,,,,,,292.65,,292.65,24.39
Books,2018,,,,,83,,,,,,,,83,6.92
Books,2019,,,,,,10.97,,,,,,,10.97,0.91
Books,2025,,,,,,,96.04,150.89,-70,,,3.96,180.89,15.07
booze,2015,68.8,,,26.95,26.95,59.75,53.1,210.6,,,160.15,125.55,731.85,60.99
booze,2016,203,37.66,68.75,,83.85,18.95,56.51,33.05,71.8,93,,167.05,833.62,69.47
booze,2017,,,98.05,,56.3,36.77,133.05,92.05,33.44,13.95,,243.7,707.31,58.94
booze,2018,19.95,65.7,87.75,51.85,96.35,163.5,200.95,107.3,56.7,187,65.8,87.75,1190.6,99.22
booze,2019,94.25,,115.5,42.8,183.95,71.55,14.95,35.9,187.95,62.15,,,809,67.42
booze,2020,188.15,14.5,15.95,,129.95,92.85,80.9,231.35,182.95,119,,225.85,1281.45,106.79
booze,2021,186.4,278.65,127.7,183.95,222.05,148.55,67.8,83.85,106.5,155.35,62.75,560,2183.55,181.96
booze,2022,63.15,,155.6,,30.52,67.4,232.15,164.15,161.1,50.6,553.04,104.15,1581.86,131.82
booze,2023,52.4,,394.25,35.9,18,63.8,78.1,210.8,,394.15,390.7,207.25,1845.35,153.78
booze,2024,51.9,,58.15,89.75,86.95,215.85,114.53,,67.15,160.65,,556.35,1401.28,116.77
booze,2025,-26.5,,,16.4,50.35,,57,96,182.75,87.6,211.35,11.45,686.4,57.2
Building,2017,,,,,,,,,,,2500,,2500,208.33
Building,2018,,,60000,,100000,200000,,172338.07,,,,,532338.07,44361.51
Bus,2015,,,,,,,,,,111.87,,,111.87,9.32
Bus,2016,,,,,,,,20.23,,,,,20.23,1.69
Cable TV,2018,,0,,,,,,,,,,,0,0
Camp Grounds,2015,,,,,,,82.49,,523.64,,182.96,,789.09,65.76
Camp Grounds,2016,,384.89,963.78,889.09,,77.98,509.29,,,779.45,685.99,,4290.47,357.54
Camp Grounds,2017,,,,,689.88,1037.52,90.68,,886.79,50,,938.85,3693.72,307.81
Camp Grounds,2018,,,9.65,,,,,,,,,,9.65,0.8
Camp Grounds,2019,,762.29,852.26,,,,109.62,,631.91,,,,2356.08,196.34
Camp Grounds,2020,,,,10,,,184.98,,,,,,194.98,16.25
Camp Grounds,2021,,,,145.83,-145.83,,,,,,,,0,0
Camp Grounds,2022,,,,1127.49,1523.68,841.34,98.37,30,-20.7,,,,3600.18,300.02
Camp Grounds,2023,,139.81,77.28,,,,,20,,,,,237.09,19.76
Cancer,2021,,163.59,,,,,,,,,,,163.59,13.63
Card Sales,2022,50,,,,,,-50,,,,,,0,0
Cash,2015,,,,,,,10,,30,,,,40,3.33
Cash Spent,2015,,55.56,98.7,,65.46,115.53,,,55.69,100,29.56,,520.5,43.38
Cash Spent,2019,,,,,,,,,,205.23,1141.9,,1347.13,112.26
Cash Spent,2020,,,,,,,50,,,,,,50,4.17
Cash Spent,2021,,,,,,,,,50,,,,50,4.17
Cash Spent,2022,,,1218.1,48.69,,,,,,,,,1266.79,105.57
Cash Spent,2023,,,,,,,,2940,122.12,,,,3062.12,255.18
Cash Spent,2025,,,780.2,312.72,,,,,,29.64,,,1122.56,93.55
Charity,2015,,,,,,,,,,10,,,10,0.83
Charity,2016,,,,,,,,,2072.5,,,95,2167.5,180.62
Charity,2017,,,,,,,,,,5,,25,30,2.5
Charity,2018,,,,,,,,,,,44,,44,3.67
Charity,2019,,,,,,,,,,5.35,,70,75.35,6.28
Charity,2020,70,,,,,,,,5.35,,,108.1,183.45,15.29
Charity,2021,,,,,,,,,1.15,20,40,,61.15,5.1
Charity,2022,,,,,,,,,,3.1,50,,53.1,4.42
Charity,2023,,,,49.84,365,,,54.23,,20,,,489.07,40.76
Charity,2024,,,,,75,,,,,,,90,165,13.75
Charity,2025,,,60,,,,,,,10,,,70,5.83
Cleaning,2015,,,,,,,,9.35,,,,,9.35,0.78
Cleaning,2018,,,,,,,,5.84,,,18.63,,24.47,2.04
Cleaning,2019,,,,,,,,,,,18.97,,18.97,1.58
Clothing,2025,,,,,,,25,,,,,,25,2.08
Clothing Brian,2015,,,,,,,,,94.91,,,25.98,120.89,10.07
Clothing Brian,2016,,132.7,84.47,,,,,614.71,,,,,831.88,69.32
Clothing Brian,2018,,,19.33,,,,,,,,,,19.33,1.61
Clothing Brian,2019,180.79,,,,,33.89,,,,,203.81,,418.49,34.87
Clothing Brian,2020,,37.28,,,,,,,30.06,,,,67.34,5.61
Clothing Brian,2021,,,,,,10.26,,30.5,,263.48,,,304.24,25.35
Clothing Brian,2022,,,,,,,,,-3.42,,,,-3.42,-0.28
Clothing Brian,2023,,,,115,,,,,,,,67.79,182.79,15.23
Clothing Brian,2024,22.88,,,50,38.06,,,,,,,,110.94,9.24
Clothing Brian,2025,,,,,24.83,,28.25,,,,,,53.08,4.42
Clothing Sandy,2015,320.77,325.38,,,,31.64,112.99,151.31,,73.06,,,1015.15,84.6
Clothing Sandy,2016,,96.48,24.19,,81.36,418.5,60.17,492.3,,,,,1173,97.75
Clothing Sandy,2017,,339.8,,,,8.4,,73.44,,30,,,451.64,37.64
Clothing Sandy,2018,28.25,,111.56,,65.59,204.13,,,,,,,409.53,34.13
Clothing Sandy,2019,,142.62,,344.28,,,,112.99,,,317.41,152.14,1069.44,89.12
Clothing Sandy,2020,,,149.69,,,,33.88,,,370.82,-152.55,,401.84,33.49
Clothing Sandy,2021,,,,,,,,,-24.84,45.96,111.87,,132.99,11.08
Clothing Sandy,2022,,444.39,,,,,231.65,266.58,,452,62.15,75.54,1532.31,127.69
Clothing Sandy,2023,106.38,51.98,420.64,103.46,,310.79,-28.48,,,670.26,76.84,,1711.87,142.66
Clothing Sandy,2024,278.06,218.59,247.23,131.85,44.78,131.77,576.91,,103.49,481.28,267.79,376.68,2858.43,238.2
Clothing Sandy,2025,,,,509.51,22.99,,271.94,,332.22,194.74,67.8,122.95,1522.15,126.85
Computer,2019,,,,,,,,36.15,,,,45.19,81.34,6.78
Computer,2020,65.98,,,,,,,,,,,,65.98,5.5
Computer,2021,55.99,,,,,,,,,,,,55.99,4.67
Computer,2023,,,,,,,,,993.27,,,,993.27,82.77
Computer,2024,,,,,,,,,,,,411.3,411.3,34.28
Computer,2024,,,,56.93,2928.72,2250.03,317.5,90.39,15.81,,,22.36,5681.74,473.48
Computer,2025,,,66,,,,,,,,,,66,5.5
Computer,2025,28.42,,,,,,,33.89,,,,,62.31,5.19
CraftEvents,2024,140,257.9,673.4,52.64,,,81.75,243.72,,346.46,,182.5,1978.37,164.86
CraftEvents,2025,,,537.4,382.21,-200,,,,329.51,0,,,1049.12,87.43
Crafts,2015,,,,,-150,-40,,,,77.63,,,-112.37,-9.36
Crafts,2016,12.43,,,,,,,,,,,,12.43,1.04
Crafts,2017,,,8.5,,,,,,,24,,,32.5,2.71
Crafts,2018,,,,,6.66,,16.92,196.47,,,291.94,,511.99,42.67
Crafts,2021,,,180.12,,,,,,49.14,,89.65,,318.91,26.58
Crafts,2022,29.36,,,,,,,,899.73,,,,929.09,77.42
Dental Brian,2015,,,379,,,,,,,394,,,773,64.42
Dental Brian,2016,,,,,730,,,,,,,,730,60.83
Dental Brian,2017,273,,,,,,227,,,,,325,825,68.75
Dental Brian,2018,,,,,,,,,245,188,,,433,36.08
Dental Brian,2019,190,,,235,114,,,,,,,,539,44.92
Dental Brian,2020,,,211,,,,429,,114,,,,754,62.83
Dental Brian,2021,,,179,,,,,,145,,,200,524,43.67
Dental Brian,2022,,,,,,,,,258,239,,,497,41.42
Dental Brian,2023,,,,,166,,,,,,,,166,13.83
Dental Brian,2024,,,,,324.17,,57.1,,,,,,381.27,31.77
Dental Brian,2025,,,,,157.52,,,,,,90.12,206.27,453.91,37.83
Dental Sandy,2015,,,165,,,,,458,,,,,623,51.92
Dental Sandy,2016,165,,,,,401,,,,,,416,982,81.83
Dental Sandy,2017,,,933,,,,254,,,,,,1187,98.92
Dental Sandy,2018,1308,,,282,,,,198,2085,,2100,,5973,497.75
Dental Sandy,2019,,,,,114,,,,,,,,114,9.5
Dental Sandy,2020,,,208,,,,208,,143,,,,559,46.58
Dental Sandy,2021,,250,179,,,,,,145,,,,574,47.83
Dental Sandy,2022,,,,,,,,,1734,,,1471,3205,267.08
Dental Sandy,2023,209,,,,,,,,,177,,,386,32.17
Dental Sandy,2024,,,,282,,,,,175.36,,,59.14,516.5,43.04
Dental Sandy,2025,,2227.52,142.42,,,,,,170.72,,,,2540.66,211.72
desc,year,Jan,Feb,Mar,Apr,May,Jun,Jul,Aug,Sep,Oct,Nov,Dec,Tot,Avg
Dine Coffee,2018,,,,,,,4.6,33.19,,19.93,13.89,,71.61,5.97
Dine Coffee,2019,,,,,,5,,12.33,56.48,1.7,,,75.51,6.29
Dine Fast Food,2015,,,30.43,23.8,25.8,10.25,16,26.25,7.2,3.6,6.56,10.6,160.49,13.37
Dine Fast Food,2016,34,,14.69,47.73,2.35,32.75,4.25,56,50.48,6.47,28.27,13,289.99,24.17
Dine Fast Food,2017,,,,,59.94,19.38,5.25,7.75,20,8.5,,,120.82,10.07
Dine Fast Food,2018,1.75,,9,5.5,9,,5,18.65,5.97,,18.65,18,91.52,7.63
Dine Fast Food,2019,,15.5,5.46,,15.57,26.5,4,49.55,101.96,40.87,8.87,3.91,272.19,22.68
Dine Fast Food,2020,32.13,28.76,3.91,9.26,,,,10.07,3.91,11.73,9.46,,109.23,9.1
Dine Fast Food,2021,6.7,5.01,16.04,1.62,27.03,11.51,12.78,,9.9,56.65,4.01,3.47,154.72,12.89
Dine Fast Food,2022,4.01,8.02,31.84,4.71,8.03,,7.32,25.44,27.92,20.85,5.17,,143.31,11.94
Dine Fast Food,2023,,25.72,51.4,5.17,46.58,8.4,21.57,33.2,5.17,5.39,16.17,17.9,236.67,19.72
Dine Fast Food,2024,5.39,,25,38.71,132.66,86.15,67.19,18,29.34,18.87,3.39,60.51,485.21,40.43
Dine Fast Food,2025,9.59,8.9,10.78,37.46,51.04,,49.11,150.55,44.93,73.12,5.62,14.41,455.51,37.96
Dine Lunch,2016,,,25.61,,,,,,,,,,25.61,2.13
Dine Lunch,2017,,,,68.09,32.85,34.75,,,,,,,135.69,11.31
Dine Lunch,2018,,,,,,,17.5,,,,,,17.5,1.46
Dine Lunch,2020,,,,,,,,,2.83,,,,2.83,0.24
Dine Lunch,2022,,70,,,,,,45,,,21.81,,136.81,11.4
Dine Lunch,2024,,,,,,,,,38.95,,30,50,118.95,9.91
Dine Lunch,2025,,,,23.85,,,,,,,10.75,,34.6,2.88
Dine Order In,2015,84.32,47.63,81.82,42.16,103.35,95.42,51.96,48.84,80.22,77.02,179.11,208.09,1099.94,91.66
Dine Order In,2016,93.99,67.71,,,115.45,34.73,28.85,105.63,123.93,,28.85,106.4,705.54,58.8
Dine Order In,2017,104.1,,121.55,64.5,28.85,,107.09,115.3,,167.82,131.16,152.45,992.82,82.74
Dine Order In,2018,94.19,196.31,,70.69,92.11,53,51.72,74.34,,62.71,118.48,257.96,1071.51,89.29
Dine Order In,2019,13.42,22.28,17.29,63.74,68.2,46.98,107.76,88.32,24.49,73.47,122.81,73.47,722.23,60.19
Dine Order In,2020,127.32,137.16,181.18,91.27,115.92,110.16,99.95,88.76,76.47,146.66,89.07,268.25,1532.17,127.68
Dine Order In,2021,100.89,134.64,26.05,202.26,306.02,127.42,128.45,51.66,222.79,160.08,78.38,271.34,1809.98,150.83
Dine Order In,2022,136.37,134.86,155.01,50.46,,133.36,120.09,98.32,175.14,228.14,86.24,300.56,1618.55,134.88
Dine Order In,2023,124.16,128.92,216.96,204.64,128.64,156.55,-11.85,79.5,64.07,222.89,63.96,138.6,1517.04,126.42
Dine Order In,2024,125.57,128.09,84.37,259.22,225.09,228.65,28.42,69.63,41.94,27.96,41.95,99.1,1359.99,113.33
Dine Order In,2025,12.38,40.34,-21,110.93,103.17,77.63,50.58,38.83,42.91,36.98,122.61,102.17,717.53,59.79
Dine Restraunts,2015,241.79,681.17,235.49,175.97,34.12,189.49,693.24,116.79,481.04,319.81,277.7,50.65,3497.26,291.44
Dine Restraunts,2016,218.33,50.38,735.38,345.23,362.14,343.18,190.6,119.95,285.88,249.13,358.46,133.7,3392.36,282.7
Dine Restraunts,2017,247.54,275.73,272.9,286.82,190.05,500.61,456.59,121.9,596.01,351.05,297.98,306.56,3903.74,325.31
Dine Restraunts,2018,399.11,1326.86,196.69,412.67,364.6,822.15,554.37,495.49,190.87,403.23,280.03,181.75,5627.82,468.98
Dine Restraunts,2019,223.95,436.25,352.16,296.59,95.22,192.27,97.63,195.93,298.6,347.92,378.94,306.16,3221.62,268.47
Dine Restraunts,2020,,188.85,,116.36,,85.02,209.51,136.27,145.14,103.08,,109.96,1094.19,91.18
Dine Restraunts,2021,145.62,243.16,180.86,34.63,,19.91,237.1,148.43,145.73,153.17,194.19,150.99,1653.79,137.82
Dine Restraunts,2022,185.53,332.36,142.51,342.27,381.19,499.32,148.42,147.29,255.37,456.57,287.11,53.08,3231.02,269.25
Dine Restraunts,2023,218.78,253.99,204.28,179.99,280.05,186.2,479.08,512.84,124.3,38.87,440.65,213.98,3133.01,261.08
Dine Restraunts,2024,161.15,250.58,370.34,379.01,681.29,359.5,659.99,519.91,524.99,22.01,251.54,320.65,4500.96,375.08
Dine Restraunts,2025,303.82,129.57,533.71,488.45,294.3,327.63,185.46,324.5,323.06,448.28,914.63,347.62,4621.03,385.09
Donations,2022,,,25,,,,,,,,,,25,2.08
Donations,2025,,,20.86,10,,,,,,,,,30.86,2.57
Drugs,2015,19,,,,,,,,,,,,19,1.58
Drugs,2015,62.32,15.65,,,42.15,2,,4,,20.33,,,146.45,12.2
Drugs,2016,,,,,41.54,,,,33.89,,,,75.43,6.29
Drugs,2017,,,,,,,4.11,167.26,,,17.45,,188.82,15.74
Drugs,2018,45.44,,,,16.94,,14.21,29.99,,,6.77,61.28,174.63,14.55
Drugs,2019,42.42,50.5,,,89.88,27.55,,30.17,,62.52,50.44,9.51,362.99,30.25
Drugs,2020,24.49,63.26,,,,64.26,,44.06,18.39,34.78,,,249.24,20.77
Drugs,2021,,,,,,,,,,3.6,,,3.6,0.3
Drugs,2021,,9.03,,,,25.3,45.61,,,,51.95,361.23,493.12,41.09
Drugs,2022,,,,,,,20.82,152.3,38.96,22.82,105.44,,340.34,28.36
Drugs,2022,,,262.5,,,,252,41.11,48.58,61.68,,,665.87,55.49
Drugs,2023,,,,,62.05,57.09,20.8,,,13.84,273.07,262.38,689.23,57.44
Drugs,2023,,,,,16.94,170.89,,,296.69,,18.68,,503.2,41.93
Drugs,2024,,268.82,268.06,,32.53,,8.45,66.96,52.86,2,,,699.68,58.31
Drugs,2024,295.37,,53.1,,91.6,96.29,,,,117.35,128.73,60.86,843.3,70.28
Drugs,2025,,,,,,12.53,46.88,39.82,,2,53.93,19.79,174.95,14.58
Drugs,2025,59.9,69.58,65.12,59.04,184.42,94.86,15.36,54.54,60.46,18.07,22.07,20.1,723.52,60.29
Entertainment,2023,23.81,,,,,,,,,,111.87,,135.68,11.31
Equipment,2015,,,,,,1974.18,1366.05,835.41,1082.13,307.45,163.25,129.92,5858.39,488.2
Equipment,2016,81.77,169.28,44.64,105.55,25.98,22.55,,29.24,270,,2.99,7.16,759.16,63.26
Equipment,2017,326.04,,13.92,489.66,57.04,102.14,25.76,64.6,41.52,67.74,6.18,,1194.6,99.55
Equipment,2018,,136.72,25.48,132.3,12.92,,,8.5,,,,,315.92,26.33
Equipment,2019,,143.5,13.46,,,,,44.6,,,,32.76,234.32,19.53
Equipment,2020,30.48,,,,,,122.02,,-58.75,,10.15,,103.9,8.66
Equipment,2022,,,,58.61,,,,,19.07,,,,77.68,6.47
Estate,2015,,,,,,,,,,,,151.72,151.72,12.64
Estate,2016,-151.72,,,,-8000,,,-2000,,,-500,,-10651.72,-887.64
Estate,2017,,,,,-925,,,,,,,,-925,-77.08
Excursions,2015,,,,,224,,,,-73.03,,,,150.97,12.58
Excursions,2017,,,,,1095.48,207.7,,,183.25,,,,1486.43,123.87
Excursions,2019,,9.45,,,,,,,215.5,,,,224.95,18.75
exhibits,2025,,,,,,659.22,,,,30,,,689.22,57.44
Fitness,2017,,,,,,,,,,,39.25,,39.25,3.27
Fitness,2017,9.99,9.99,9.99,9.99,9.99,9.99,9.99,9.99,9.99,9.99,10.99,10.99,121.88,10.16
Fitness,2021,,,,,,,,,,41.79,,,41.79,3.48
Fitness,2024,,,,,40.5,,,,,,,,40.5,3.38
Fitness,2025,,,60,,,,,,,35,,,95,7.92
Fuel Kia,2015,168.68,237.23,205.22,186.06,172.56,165.75,114.56,242.83,106.49,179.69,223.12,286.71,2288.9,190.74
Fuel Kia,2016,173.64,94.73,,,184.98,147.46,,244.73,91.3,,,131.8,1068.64,89.05
Fuel Kia,2017,112.75,56.89,85.18,161.99,103.52,,135.71,134.88,,130.6,153.19,148.54,1223.25,101.94
Fuel Kia,2018,68.63,180.52,67.15,266.4,366.6,308.11,348.32,397.18,43.92,142.39,194.33,211.21,2594.76,216.23
Fuel Kia,2019,155,61.71,,195.94,308.63,149.52,143.48,189.12,33.4,122.71,186.52,205.58,1751.61,145.97
Fuel Kia,2020,149.1,135.76,53.54,22.11,55.55,128.3,134.05,122.87,108.52,74.59,105.37,32.11,1121.87,93.49
Fuel Kia,2021,32.64,88.32,83.31,75.04,91.99,226.65,235.02,209.36,92.1,368.35,318.57,130.21,1951.56,162.63
Fuel Kia,2022,53,216.51,555.5,50.37,,191.31,314.14,292.22,171.21,480.89,203.62,131.51,2660.28,221.69
Fuel Kia,2023,160.07,138.29,231.05,163.7,338.57,281.39,169.48,249.7,64.57,167.08,81.49,235,2280.39,190.03
Fuel Kia,2024,153.48,166.49,62,161.87,136.08,55.71,,67.46,97.76,45.69,,,946.54,78.88
Fuel Kia,2025,,,,18.33,38.7,,53.97,49.12,101.33,48.32,45.98,74.6,430.35,35.86
Fuel Kia2,2024,,,,69.25,206.65,69.21,121.38,193.51,204,109.93,74.02,270.98,1318.93,109.91
Fuel Kia2,2025,146.69,153.85,99.25,212.12,277.43,49.13,167.3,221.75,107.71,143.44,60,87.77,1726.44,143.87
Fuel Roadtrek,2015,,,,,,,261.39,104.75,469.06,,,76.77,911.97,76
Fuel Roadtrek,2016,,279.72,549.88,518.85,239.77,165.13,1091.15,,,827.54,848.6,58.44,4579.08,381.59
Fuel Roadtrek,2017,,,,,1202.05,1402.01,501.91,182.71,1276.15,551.97,,,5116.8,426.4
Fuel Roadtrek,2018,,262.24,471.06,,,,,106.41,44.6,,46.48,,930.79,77.57
Fuel Roadtrek,2019,,919.97,1182.37,42.33,111.5,,250.66,218.73,1057.94,101.61,,108,3993.11,332.76
Fuel Roadtrek,2020,,,,70.69,147.98,,371.86,,146.85,,41.46,,778.84,64.9
Fuel Roadtrek,2022,,,168.3,1820.69,1741.79,1753.52,68.63,288.76,87.98,150,,,6079.67,506.64
Fuel Roadtrek,2023,,,,,,167,,286.89,,,,,453.89,37.82
Furniture,2018,,175,,1534.88,2709.15,5318.59,1873.78,2719.48,519.76,-502.02,81.67,988.75,15419.04,1284.92
Furniture,2019,,,,2587.68,650,,,-50,,,,,3187.68,265.64
Furniture,2020,,47.76,,69.99,-28.99,154.66,28.24,,,30.99,,440.69,743.34,61.94
Furniture,2021,,251.12,,,,,14.68,,,,,,265.8,22.15
Furniture,2022,99.4,,,,,,149,52.16,,,,,300.56,25.05
Furniture,2023,,,,,65.51,,9.03,10.16,,,196.31,,281.01,23.42
Furniture,2024,150,238.7,8.05,,,,,,-26.77,,,,369.98,30.83
Furniture,2025,,,,36.14,,45.19,,,,,,,81.33,6.78
Gambling,2015,3,3,,,,,,,,,,,6,0.5
Gambling,2016,,5,,,,,,,,,,25,30,2.5
Gambling,2017,,,,,,,,,,,,80,80,6.67
Gambling,2018,40,,,,21,48,25.5,,,,,,134.5,11.21
Gambling,2019,,10,,,,,2,,,,,,12,1
Gambling,2024,20,,,,,,,,,,,,20,1.67
Gambling,2025,,,50,,50,,,,,40,,,140,11.67
Gardening,2018,,,,,,,,,2887.5,12.4,180.96,,3080.86,256.74
Gardening,2019,,,,,608.64,65.91,22.54,,,,6.2,,703.29,58.61
Gardening,2020,,,,,4202.77,198.38,,120,,,,,4521.15,376.76
Gardening,2021,,,19.21,1464.68,372.74,12.57,,,,,178.3,,2047.5,170.62
Gardening,2022,,,,,,,392.62,,,,150.9,,543.52,45.29
Gardening,2023,,,,,29.43,,,,,,,150.26,179.69,14.97
Gardening,2024,,,,453.88,44.53,,,,48.56,,206.6,,753.57,62.8
Gardening,2025,,,,457.96,140.02,,77.94,,56.48,,137.25,,869.65,72.47
Gary,2018,,,,,2000,2000,7000,15000,10000,10000,10000,5000,61000,5083.33
Gary,2019,17000,2000,,,,,,,,,,,19000,1583.33
Gift Received,2015,,,,-50,-30,,,,,,,,-80,-6.67
Gifts birthdays,2015,,41.63,82,,120.09,,98.18,,56.49,,,,398.39,33.2
Gifts birthdays,2016,,77.47,,,273.25,76.75,,93.73,14.5,,,,535.7,44.64
Gifts birthdays,2017,,,267.81,,,,,222.48,,,,,490.29,40.86
Gifts birthdays,2018,97.18,101.21,,,,,,10,,,,,208.39,17.37
Gifts birthdays,2019,113,255.76,,,,,191.08,225.94,,,,,785.78,65.48
Gifts birthdays,2020,67.24,72.31,,,,140,101.69,,100,,,,481.24,40.1
Gifts birthdays,2021,40,,216.79,,,66.61,,-40,,,,,283.4,23.62
Gifts birthdays,2022,,77.59,,,,,,420,100,,,,597.59,49.8
Gifts birthdays,2023,82.49,50,332.85,,56.5,150,,,,,,87.71,759.55,63.3
Gifts birthdays,2024,,306.93,,,,,,,,,,,306.93,25.58
Gifts birthdays,2025,,53.99,,,,,50,,,,107.35,,211.34,17.61
Gifts Given,2016,,,,,,,20.75,,,,,,20.75,1.73
Gifts Given,2018,,,13.53,,,99.98,-250,,,,,-125.31,-261.8,-21.82
Gifts Given,2020,,,178.59,,,,59.97,,,,,,238.56,19.88
Gifts Given,2022,,,,,,,,,,,103,,103,8.58
Gifts Given,2023,,,,25,,,,,,,,,25,2.08
Gifts Given,2025,,,52.99,,,,,,,,,,52.99,4.42
Gifts other,2015,,1000,,,,8.91,101.64,44.74,,164.32,,22.59,1342.2,111.85
Gifts other,2016,75.29,16.92,,,,,,,,,,26,118.21,9.85
Gifts other,2017,55.37,,,,,,,0,,,,,55.37,4.61
Gifts other,2018,,15.81,,10,,10000,,47.44,35.36,,125.31,23.99,10257.91,854.83
Gifts other,2019,20.18,,129.68,,,,,,62.06,,,,211.92,17.66
Gifts other,2020,,,,-10,,,,,,,,,-10,-0.83
Gifts other,2021,,1700,,,,,,,,,,,1700,141.67
Gifts other,2022,,,,,,,,,,,170.34,,170.34,14.2
Gifts other,2023,,13.55,159.24,,,,,,,,18.06,50,240.85,20.07
Gifts other,2024,112.72,,,,,120,,,,-3.51,176.85,,406.06,33.84
Gifts other,2025,,66.63,50,,,,,39.31,56.49,113.98,,,326.41,27.2
Gifts wedding,2015,,,,,,,,,,500,,,500,41.67
Gifts wedding,2016,,,,,836.2,10300,80,1012.94,1503.79,,,,13732.93,1144.41
Gifts wedding,2018,,,,,,,,,,,500,,500,41.67
Gifts wedding,2019,,,,128.25,,400,,,,,,,528.25,44.02
Gifts wedding,2025,,,,,,,,,,289.06,,,289.06,24.09
Gifts Xmas,2015,-235.73,,,,,,,,,,84.72,1004.24,853.23,71.1
Gifts Xmas,2016,,,,,,,,,,,,802.62,802.62,66.88
Gifts Xmas,2017,,,,,,,,,,,415.2,1484,1899.2,158.27
Gifts Xmas,2018,48.6,,,1325,438,,8.19,,,,,350.93,2170.72,180.89
Gifts Xmas,2019,-2.54,,,,,,,,,,343.08,239.44,579.98,48.33
Gifts Xmas,2020,,,,,,,,,,493.81,54.23,300,848.04,70.67
Gifts Xmas,2021,,,,,,,,,,13.54,,732.8,746.34,62.2
Gifts Xmas,2022,,,,,,,,,,,197.55,268.22,465.77,38.81
Gifts Xmas,2023,,,,,,,,,,,,954.28,954.28,79.52
Gifts Xmas,2024,,,,,,,,,,,100,521.51,621.51,51.79
Gifts Xmas,2025,,,,,,,,,,,5.09,74.88,79.97,6.66
Glasses Brian,2016,,,,,,,,,,,,172.8,172.8,14.4
Glasses Brian,2019,367,68,,,,,,,,,,,435,36.25
Glasses Brian,2020,,,,,,,,,,,,1476,1476,123
Glasses Brian,2021,,,,,,,,,,,,98.5,98.5,8.21
Glasses Brian,2024,,,,429.98,,,,,,,,,429.98,35.83
Glasses Brian,2025,,,,,,,,,,839.96,,,839.96,70
Glasses Sandy,2015,,,4.5,,,,,,,,,,4.5,0.38
Glasses Sandy,2016,,,,,,312.2,,,,,,,312.2,26.02
Glasses Sandy,2018,,181.04,,,,,,,,,,,181.04,15.09
Glasses Sandy,2019,,30,,,,,,,,,359.98,,389.98,32.5
Glasses Sandy,2020,,,,,,,,,,,,38,38,3.17
Glasses Sandy,2021,,,,,,379.98,,,,,,98.51,478.49,39.87
Glasses Sandy,2024,,,,654.98,,,,,,,,,654.98,54.58
Glasses Sandy,2025,,,,,,,,,,639.96,,,639.96,53.33
Go Transit,2015,,,19.6,,,31.2,,20,11.2,20,20,,122,10.17
Go Transit,2016,,11.2,,,,5.7,,,16.8,,,,33.7,2.81
Go Transit,2017,11.2,,16.8,,,,,,,,,,28,2.33
Go Transit,2018,22.4,,,,,,,,,,,,22.4,1.87
Go Transit,2021,,,,,,,,,13.15,,,,13.15,1.1
Go Transit,2024,,,,,,,,,,,73.8,,73.8,6.15
Go Transit,2025,,,,,,13.15,,,,,,,13.15,1.1
Golf Cart,2022,,,,,,791,,,,,,,791,65.92
Golf Cart,2023,,,,847.5,,,,,,,,,847.5,70.62
Golf Cart,2024,,,,1130,,,,,,,,,1130,94.17
Golf Cart,2025,,,,1130,,,,,,,,,1130,94.17
Golf Equipment,2015,,27.52,24.85,40.66,37.28,20.35,,,,,,,150.66,12.56
Golf Equipment,2016,,15.01,181.21,,,30.97,,,22.55,,,,249.74,20.81
Golf Equipment,2017,35.68,,,,,,,,,,,,35.68,2.97
Golf Equipment,2018,,,23.56,,,,,19.15,,,,,42.71,3.56
Golf Equipment,2019,,,,180.79,,,52.23,26.99,,,,,260.01,21.67
Golf Equipment,2020,,,,,,,,623.4,-225.95,,,,397.45,33.12
Golf Equipment,2021,,,216.66,,,13.55,85.18,37.39,,,,,352.78,29.4
Golf Equipment,2022,,,,,,44.06,,,48.58,,,,92.64,7.72
Golf Equipment,2023,14.07,47.44,,,,,,56.22,,21.46,,,139.19,11.6
Golf Equipment,2024,,,110.49,33.9,180.79,,,38.41,50.84,9.33,,,423.76,35.31
Golf Equipment,2025,,,,34.99,,,,45.72,15.24,,,,95.95,8
Golf Games,2015,,1470.76,,48,720,574,68.46,430.9,240,336,96,,3984.12,332.01
Golf Games,2016,58.92,514.26,493.61,105.44,550,765.98,,699.03,433.84,,,,3621.08,301.76
Golf Games,2017,95.66,1488.96,,561,,,,510,,25,,,2680.62,223.38
Golf Games,2018,,,112.39,51,361.65,1256.41,55,90,,,1128.87,,3055.32,254.61
Golf Games,2019,,,,,,35,,70,,,1128.87,,1233.87,102.82
Golf Games,2020,,,,,114.13,,,225.29,,90,,,429.42,35.78
Golf Games,2021,,,1356,,,138,,,55,25,1757.15,,3331.15,277.6
Golf Games,2022,,,,,,,60,313.89,206.99,,,,580.88,48.41
Golf Games,2023,2260,,,,,60,44,,,2519.89,,,4883.89,406.99
Golf Games,2024,,,,,66.5,128,-70,,88.14,0,,,212.64,17.72
Golf Games,2025,,,2655.5,,468,-75,,56.5,,,,2712,5817,484.75
Golf Range,2015,,,,8,,,,,,,,,8,0.67
Golf Range,2016,,,,7.81,,,,,,,,,7.81,0.65
Golf Range,2018,,,,9,,,,,,,,,9,0.75
Golf Range,2019,,,,5,,,,,,,,,5,0.42
Golf Range,2020,,,,,5,5,,,,,,,10,0.83
Golf Range,2021,,,5,5,15,,,,,,,,25,2.08
Golf Range,2022,,,,,,10,,,,,,,10,0.83
Golf Range,2023,,,5,20,,,,,,,,,25,2.08
Golf Range,2024,,,18,18,,6,,6,,,,,48,4
Golf Range,2025,,,6,38.74,,,,,,,,,44.74,3.73
Gov. Refunds,2021,,,,,,,,-500,,,,,-500,-41.67
Gov. Refunds,2023,,,,,,,,,,,,-2.31,-2.31,-0.19
Gov. Refunds,2025,-400,,,,,,,,,,,,-400,-33.33
Grandkids,2017,,,,,,,,,,,84.6,,84.6,7.05
Grandkids,2021,,,,,,,,27,,,,,27,2.25
Groceries,2015,,,,,,,,,303.88,,,,303.88,25.32
Groceries,2015,374.28,152.23,424.75,649.46,610.82,560.31,554.87,610.28,584.89,333.32,1001.36,471.98,6328.55,527.38
Groceries,2016,,18.64,46.95,,,,,,,,,,65.59,5.47
Groceries,2016,752.57,305.09,520.01,607.35,642.36,708.67,775.3,324.63,209.66,644.95,672.04,824.42,6987.05,582.25
Groceries,2017,594.96,425.79,664.41,254.77,714.52,470.11,716.18,686.14,318.46,446.41,598.74,597.05,6487.54,540.63
Groceries,2018,326.98,398.75,376.46,550.25,502.4,335.4,462.57,690.71,791.1,1127.2,809.72,553.76,6925.3,577.11
Groceries,2019,582.84,476.88,832.94,896.03,558.31,816.77,284.13,918.3,338.74,546.39,384.61,708.22,7344.16,612.01
Groceries,2020,709.77,498.51,509.69,725.04,624.48,971.4,724.72,574.65,812.4,507.61,373.95,813.37,7845.59,653.8
Groceries,2021,628,408.99,699.51,363.91,484.22,1058.12,355.36,1005.39,675.93,872.12,491.43,925.5,7968.48,664.04
Groceries,2022,677.98,484.56,551.39,517.1,733.55,835.95,878.46,935.5,801.91,594.28,1223.88,718.32,8952.88,746.07
Groceries,2023,801.03,431.27,1016,956.2,651.5,813.73,618.7,609.1,134.88,808.86,940.18,602.76,8384.21,698.68
Groceries,2024,671.85,461.74,617,706.06,724.08,922.12,538.88,699.91,816.74,1287.36,634.85,1013.42,9094.01,757.83
Groceries,2025,835.12,425.45,610.24,996.93,887.78,130.99,1488.21,703.33,1139.22,1004.61,820.75,574.96,9617.59,801.47
Guitar,2018,,,,,,,,,50.93,,,,50.93,4.24
Guitar,2024,,,,11.82,,,,,,,,,11.82,0.98
Hair Cuts,2015,33.25,28.25,,28.25,,,,35.75,,35,83.45,,243.95,20.33
Hair Cuts,2016,,57.25,,,33.25,52.25,,,38.9,,,43.9,225.55,18.8
Hair Cuts,2017,,28.25,,,,,33.25,33.25,,40,,38.25,173,14.42
Hair Cuts,2018,,38.25,28.25,,28.25,,,30,,,,,124.75,10.4
Hair Cuts,2019,,,,,,,40,,40,,25,,105,8.75
Hair Cuts,2020,40,25,,,,,25,,,,,,90,7.5
Hair Cuts,2021,,,,,40,,25,50,50,25,,,190,15.83
Hair Cuts,2022,20,20,,40,,40,20,,20,,20,,180,15
Hair Cuts,2023,20,,,,,,,,,80,80,60,240,20
Hair Cuts,2024,40,100,100,80,75,,40,80,80,100,80,100,875,72.92
Hair Cuts,2025,60,80,100,80,40,,100,129.38,80,100,109.38,,878.76,73.23
Hardware,2015,265.51,,157.85,20.55,,,,0,,111.87,,,555.78,46.32
Hardware,2016,,,,,63.27,,20.33,,,,,,83.6,6.97
Hockey,2015,,,,,,,1000,,,,,,1000,83.33
Hockey,2018,,,,10,,,,,,,,,10,0.83
Hockey,2019,,,,,700,,,,,,,,700,58.33
Hockey,2021,,,,,,,,,689.48,3.77,27,,720.25,60.02
Hockey,2022,,4,4,,,,,,,,,10,18,1.5
Hockey,2023,,,20,,,,,,,,,,20,1.67
Household,2017,,,13.54,,,,,,,,,,13.54,1.13
Household,2021,,,,,,,22.58,,,,,,22.58,1.88
Imbalance-CAD,2016,,,,,,,,,,,,-0.01,-0.01,0
Imbalance-CAD,2017,-0.01,-0.01,-0.01,-0.01,-0.01,-0.01,-5.22,,,,,,-5.28,-0.44
Imbalance-CAD,2018,,,,,0.01,-0.01,,,,,,,0,0
Imbalance-CAD,2020,,,,,,,57,,,,,,57,4.75
Imbalance-CAD,2025,,59.1,,6.78,,,,,,,,,65.88,5.49
Inc AON Sandy,2015,-338.86,-338.86,-338.86,-338.86,-338.86,-338.86,-338.86,-338.86,-338.86,-338.86,-338.86,-338.86,-4066.32,-338.86
Inc AON Sandy,2016,-345.64,-345.64,-345.64,-345.64,-345.64,-345.64,-345.64,-345.64,-345.64,-345.64,-345.64,-345.64,-4147.68,-345.64
Inc AON Sandy,2017,-352.55,-352.55,-352.55,-352.55,-352.55,-352.55,-352.55,-352.55,-352.55,-352.55,-352.55,-352.55,-4230.6,-352.55
Inc AON Sandy,2018,-359.6,-359.6,-359.6,-359.6,-359.6,-359.6,-359.6,-359.6,-359.6,-359.6,-359.6,-359.6,-4315.2,-359.6
Inc AON Sandy,2019,-366.79,-366.79,-366.79,-366.79,-366.79,-366.79,-366.79,-366.79,-366.79,-366.79,-366.79,-366.79,-4401.48,-366.79
Inc AON Sandy,2020,-374.13,-374.13,-374.13,-374.13,-374.13,-374.13,-374.13,-374.13,-374.13,-374.13,-374.13,-374.13,-4489.56,-374.13
Inc AON Sandy,2021,-381.61,-381.61,-381.61,-381.61,-381.61,-381.61,-381.61,-381.61,-381.61,-381.61,-381.61,-381.61,-4579.32,-381.61
Inc AON Sandy,2022,-389.24,-389.24,-389.24,-389.24,-389.24,-389.24,-389.24,-389.24,-389.24,-389.24,-389.24,-389.24,-4670.88,-389.24
Inc AON Sandy,2023,-397.02,-397.02,-397.02,-397.02,-397.02,-397.02,-397.02,-397.02,-397.02,-397.02,-397.02,-397.02,-4764.24,-397.02
Inc AON Sandy,2024,-404.96,-404.96,-404.96,-404.96,-404.96,-404.96,-404.96,-404.96,-404.96,-404.96,-404.96,-404.96,-4859.52,-404.96
Inc AON Sandy,2025,-413.06,-413.06,-413.06,-413.06,-413.06,-413.06,-413.06,-413.06,-413.06,-413.06,-413.06,-413.06,-4956.72,-413.06
Inc AST Financial,2019,,,,,,,-64.24,160.84,157.32,-256.68,-136.62,-62.1,-201.48,-16.79
Inc AST Financial,2020,-199.34,108.96,464.36,848.7,-154.56,-31.74,-89.7,63.48,172.5,302.22,-561.66,-561.66,361.56,30.13
Inc AST Financial,2021,-107.64,,-351.9,-144.9,26.22,216.66,120.06,38.64,62.1,-97.98,37.26,175.26,-26.22,-2.18
Inc AST Financial,2022,-175.26,-325.68,109.02,-135.24,244.26,380.88,-26.22,-154.56,99.36,143.52,-126.96,-224.94,-191.82,-15.98
Inc AST Financial,2023,11.04,-300.84,-89.7,300.84,-269.1,220.8,15.18,-169.74,99.36,150.42,44.16,-343.62,-331.2,-27.6
Inc AST Financial,2024,-365.7,8.28,-412.62,-161.46,135.24,-414,-142.14,-48.3,-59.34,-380.88,-186.3,-241.92,-2269.14,-189.1
Inc AST Financial,2025,-150,96.6,-220.8,30.36,357.42,-200.1,22.08,92.46,85.56,-153.18,-280.14,-563.04,-882.78,-73.56
Inc Capital One,2017,-319.33,,,,,,,,,,,,-319.33,-26.61
Inc Capital One,2019,,-990,,,,,,,,,,,-990,-82.5
inc Carbon,2024,,-183,,,,-210,,-210,,-210,,,-813,-67.75
inc Carbon,2025,-210,,,,-226.5,,,,,,,,-436.5,-36.38
Inc CIBC Investment,2018,,,,,,,,,,,-20,1444.25,1424.25,118.69
Inc CIBC Investment,2019,955.16,-388.84,-717.17,,159.59,820,202.06,,1276.46,-950.77,469.16,273.14,2098.79,174.9
Inc CIBC Investment,2020,-852,785.11,-3491.03,-1768.85,-1562.72,-373.18,-1377.3,-117.25,-1018.52,154.78,-1523.32,-376,-11520.28,-960.02
Inc CIBC Investment,2021,-663.29,,-1056.95,-280,-218.37,-818.2,-78.08,28,-293.02,10.91,114.98,-149.84,-3403.86,-283.65
Inc CIBC Investment,2022,63.29,-64.71,127.29,486.73,-609.59,321.79,-117.44,16.88,750.36,300.89,33.5,452.93,1761.92,146.83
Inc CIBC Investment,2023,-667.55,,,-1.59,-11.16,-13.19,-12.33,-13.42,-14.07,-13.22,-18.76,,-765.29,-63.77
Inc CPP Brian,2015,-685.99,-685.99,-685.99,-685.99,-685.99,-685.99,-685.99,-685.99,-685.99,-685.99,-685.99,-685.99,-8231.88,-685.99
Inc CPP Brian,2016,-694.22,-694.22,-694.22,-694.22,-694.22,-694.22,-694.22,-694.22,-694.22,-694.22,-694.22,-694.22,-8330.64,-694.22
Inc CPP Brian,2017,-703.93,-703.93,-703.93,-703.93,-703.93,-703.93,-703.93,-703.93,-703.93,-703.93,-703.93,-703.93,-8447.16,-703.93
Inc CPP Brian,2018,-714.49,-714.49,-714.49,-714.49,-714.49,-714.49,-714.49,-714.49,-714.49,-714.49,-714.49,-714.49,-8573.88,-714.49
Inc CPP Brian,2019,-730.92,-730.92,-730.92,-730.92,-730.92,-730.92,-730.92,-730.92,-730.92,-730.92,-730.92,-730.92,-8771.04,-730.92
Inc CPP Brian,2020,-800.06,-744.81,-744.81,-744.81,-744.81,-744.81,-744.81,-744.81,-744.81,-744.81,-744.81,-744.81,-8992.97,-749.41
Inc CPP Brian,2021,-752.26,-752.26,-752.26,-752.26,-752.26,-752.26,-752.26,-752.26,-752.26,-752.26,-752.26,-752.26,-9027.12,-752.26
Inc CPP Brian,2022,-772.58,-772.58,-772.58,-772.58,-772.58,-772.58,-772.58,-772.58,-772.58,-772.58,-772.58,-772.58,-9270.96,-772.58
Inc CPP Brian,2023,-822.79,-687.56,-756.32,-760.1,-760.1,-760.1,-768.46,-768.46,-768.46,-778.45,-778.45,-778.45,-9187.7,-765.64
Inc CPP Brian,2024,-784.67,-784.67,-784.67,-784.67,-784.67,-784.67,-790.16,-790.16,-790.16,-800.44,-800.44,-800.44,-9479.82,-789.98
Inc CPP Brian,2025,-800.44,-800.44,-800.44,-800.44,-800.44,-800.44,-808.45,-808.45,-808.45,-814.1,-814.1,-814.1,-9670.29,-805.86
Inc CPP Sandy,2015,-736.85,-736.85,-736.85,-736.85,-736.85,-736.85,-736.85,-736.85,-736.85,-736.85,-736.85,-736.85,-8842.2,-736.85
Inc CPP Sandy,2016,-745.69,-745.69,-745.69,-745.69,-745.69,-745.69,-745.69,-745.69,-745.69,-745.69,-745.69,-745.69,-8948.28,-745.69
Inc CPP Sandy,2017,-756.13,-756.13,-756.13,-756.13,-756.13,-756.13,-756.13,-756.13,-756.13,-756.13,-756.13,-756.13,-9073.56,-756.13
Inc CPP Sandy,2018,-767.48,-767.48,-767.48,-767.48,-767.48,-767.48,-767.48,-767.48,-767.48,-767.48,-767.48,-767.48,-9209.76,-767.48
Inc CPP Sandy,2019,-785.14,-785.14,-785.14,-785.14,-785.14,-785.14,-785.14,-785.14,-785.14,-785.14,-785.14,-785.14,-9421.68,-785.14
Inc CPP Sandy,2020,-744.81,-800.06,-800.06,-800.06,-800.06,-800.06,-800.06,-800.06,-800.06,-800.06,-800.06,-800.06,-9545.47,-795.46
Inc CPP Sandy,2021,-808.06,-808.06,-808.06,-808.06,-808.06,-808.06,-808.06,-808.06,-808.06,-808.06,-808.06,-808.06,-9696.72,-808.06
Inc CPP Sandy,2022,-829.88,-829.88,-829.88,-829.88,-829.88,-829.88,-829.88,-829.88,-829.88,-829.88,-829.88,-829.88,-9958.56,-829.88
Inc CPP Sandy,2023,-883.82,-756.32,-756.32,-760.1,-760.1,-760.1,-768.46,-768.46,-768.46,-778.45,-778.45,-778.45,-9317.49,-776.46
Inc CPP Sandy,2024,-784.67,-784.67,-784.67,-784.67,-784.67,-784.67,-790.16,-790.16,-790.16,-800.44,-800.44,-800.44,-9479.82,-789.98
Inc CPP Sandy,2025,-800.44,-800.44,-800.44,-800.44,-800.44,-800.44,-808.45,-808.45,-808.45,-814.1,-814.1,-814.1,-9670.29,-805.86
Inc GST,2017,,,,,,,-126.08,,,,-126.08,,-252.16,-21.01
Inc GST,2018,-126.08,,,-126.06,,,,,,,,,-252.14,-21.01
Inc GST,2019,,,,,,,-210.62,,,,,,-210.62,-17.55
Inc Interest,2015,-2.95,-1.96,-1.88,-1.01,-0.61,-0.46,-50.2,-13.68,-4.95,-5.09,-28,-4,-114.79,-9.57
Inc Interest,2016,-1.77,-2,-0.08,-2.34,-0.68,-1.08,-1.23,-0.24,-0.56,-0.82,-0.48,-0.36,-11.64,-0.97
Inc Interest,2017,-0.34,-0.51,-2.64,-4.65,-3.24,-1.57,-1.02,-1.21,-3.88,-9.13,,-24.94,-53.13,-4.43
Inc Interest,2018,-10.74,,-11.78,-0.12,-1.19,-71.83,-873.73,-932.45,-232.17,-101.12,-78,-48.64,-2361.77,-196.81
Inc Interest,2019,-29.15,-41.69,-15.33,-10.49,-7.01,-3.08,-6.69,-6.16,-5.8,-5.81,-4.16,-2.57,-137.94,-11.5
Inc Interest,2020,-1.98,-9.15,-4.38,-3.28,-1.17,-0.7,-1.11,-0.04,-1.39,-1.08,-0.62,-0.67,-25.57,-2.13
Inc Interest,2021,-0.65,-0.58,-0.61,-0.4,-0.15,-0.43,-0.18,-0.32,-0.43,-0.17,-0.04,-0.42,-4.38,-0.36
Inc Interest,2022,-0.14,-0.13,-0.2,-0.04,-0.23,-0.09,-0.19,-0.18,-1.28,-0.96,-1,-1.15,-5.59,-0.47
Inc Interest,2023,-0.77,-0.12,-0.21,-0.27,-0.27,-0.27,-1.42,-0.97,-0.05,-0.06,-0.08,-1.45,-5.94,-0.5
Inc Interest,2024,-0.76,-0.64,-0.37,-0.42,-7.79,-30.15,-18.51,-18.5,-17.55,-16.05,-15.67,-13.11,-139.52,-11.63
Inc Interest,2025,-12.38,-11.3,-7.13,-8.18,-6.86,-6.7,-6.29,-5.28,-4.74,-4.12,-3.86,-3.22,-80.06,-6.67
Inc Manu Brian,2015,-21.39,,,,,,,,,,,,-21.39,-1.78
Inc Manu Brian,2016,-23.46,,,,-25.53,-25.53,,,,,,-25.53,-100.05,-8.34
Inc Manu Brian,2017,,,-28.29,,,,,-28.29,,,-28.29,,-84.87,-7.07
Inc Manu Brian,2018,-28.29,,-30.36,,,-30.36,,,,-30.36,,-34.5,-153.87,-12.82
Inc Manu Brian,2019,,,,-34.5,,-34.5,-33.12,,,,-34.5,-34.5,-171.12,-14.26
Inc Manu Brian,2020,,,-38.64,,,,-38.64,,-38.64,,,,-115.92,-9.66
Inc Manu Brian,2021,-38.64,,,-38.64,,,-38.64,,,-38.64,,-45.54,-200.1,-16.68
Inc Manu Brian,2022,,,,-45.54,,-45.54,,,-45.54,,,-45.54,-182.16,-15.18
Inc Manu Brian,2023,,,-50.37,,,,-50.37,,-50.37,,,,-151.11,-12.59
Inc Manu Brian,2024,-50.37,,-55.2,,,,-55.2,,,-55.2,,,-215.97,-18
Inc Manu Brian,2025,-55.2,,-60.72,,,,-60.72,,,-60.72,,,-237.36,-19.78
Inc OAS Brian,2015,-563.74,-563.74,-563.74,-563.74,-563.74,-563.74,-564.87,-564.87,-564.87,-569.95,-569.95,-569.95,-6786.9,-565.58
Inc OAS Brian,2016,-570.52,-570.52,-570.52,-570.52,-570.52,-570.52,-573.37,-573.37,-339.37,-578.53,-578.53,-578.53,-6644.82,-553.74
Inc OAS Brian,2017,-578.53,-578.53,-578.53,-578.53,-578.53,-578.53,-583.74,-583.74,-583.74,-585.49,-585.49,-585.49,-6978.87,-581.57
Inc OAS Brian,2018,-586.66,-586.66,-586.66,-589.59,-589.59,-589.59,-596.67,-596.67,-596.67,-600.85,-600.85,-600.85,-7121.31,-593.44
Inc OAS Brian,2019,-601.45,-601.45,-601.45,-601.45,-601.45,-601.45,-607.46,-607.46,-607.46,-613.53,-613.53,-613.53,-7271.67,-605.97
Inc OAS Brian,2020,-613.53,-613.53,-613.53,-613.53,-613.53,-613.53,-913.53,-613.53,-613.53,-614.14,-614.14,-614.14,-7664.19,-638.68
Inc OAS Brian,2021,-615.37,-615.37,-615.37,-618.45,-618.45,-618.45,-626.49,-626.49,-626.49,-635.26,-635.26,-635.26,-7486.71,-623.89
Inc OAS Brian,2022,-642.25,-642.25,-642.25,-648.67,-648.67,-648.67,-733.51,-733.51,-733.51,-754.05,-754.05,-754.05,-8335.44,-694.62
Inc OAS Brian,2023,-756.32,-883.82,-883.82,-883.82,-883.82,-883.82,-883.82,-883.82,-883.82,-883.82,-883.82,-883.82,-10478.34,-873.2
Inc OAS Brian,2024,-858.99,-858.99,-858.99,-858.99,-858.99,-858.99,-858.99,-858.99,-858.99,-858.99,-858.99,-858.99,-10307.88,-858.99
Inc OAS Brian,2025,-881.33,-881.33,-881.33,-881.33,-881.33,-881.33,-881.33,-881.33,-881.33,-881.33,-881.33,-881.33,-10575.96,-881.33
Inc OAS Sandy,2015,-563.74,-563.74,-563.74,-563.74,-563.74,-563.74,-564.87,-564.87,-564.87,-569.95,-569.95,-569.95,-6786.9,-565.58
Inc OAS Sandy,2016,-570.52,-570.52,-570.52,-570.52,-570.52,-570.52,-339.37,-339.37,-573.37,-344.53,-578.53,-578.52,-6176.81,-514.73
Inc OAS Sandy,2017,-578.52,-578.52,-578.52,-578.52,-578.52,-578.52,-578.52,-583.74,-583.74,-585.49,-585.49,-585.49,-6973.59,-581.13
Inc OAS Sandy,2018,-586.66,-586.66,-586.66,-589.59,-589.59,-589.59,-596.67,-596.67,-596.67,-600.85,-600.85,-600.85,-7121.31,-593.44
Inc OAS Sandy,2019,-601.45,-601.45,-601.45,-601.45,-601.45,-601.45,-607.46,-607.46,-607.46,-613.53,-613.53,-613.53,-7271.67,-605.97
Inc OAS Sandy,2020,-613.53,-613.53,-613.53,-613.53,-613.53,-613.53,-913.53,-613.53,-613.53,-614.14,-614.14,-614.14,-7664.19,-638.68
Inc OAS Sandy,2021,-615.37,-615.37,-615.37,-618.45,-618.45,-618.45,-626.49,-626.49,-626.49,-635.26,-635.26,-635.26,-7486.71,-623.89
Inc OAS Sandy,2022,-642.25,-642.25,-642.25,-648.67,-648.67,-648.67,-666.83,-666.83,-666.83,-685.5,-685.5,-685.5,-7929.75,-660.81
Inc OAS Sandy,2023,-687.56,-822.79,-822.79,-822.79,-822.79,-822.79,-822.79,-822.79,-822.79,-822.79,-822.79,-822.79,-9738.25,-811.52
Inc OAS Sandy,2024,-922.71,-922.71,-922.71,-922.71,-922.71,-922.71,-922.71,-922.71,-922.71,-922.71,-922.71,-922.71,-11072.52,-922.71
Inc OAS Sandy,2025,-946.7,-946.7,-946.7,-946.7,-946.7,-946.7,-946.7,-946.7,-946.7,-946.7,-946.7,-946.7,-11360.4,-946.7
Inc OTB,2015,-61.42,,-61.42,,-30.71,-61.44,,-125.75,,-47.52,-95.04,-47.52,-530.82,-44.24
Inc OTB,2016,-47.52,-47.52,,,-142.56,-47.62,,,,,,,-285.22,-23.77
Inc OTB,2017,,,,,,,-227.6,,,,,,-227.6,-18.97
Inc OTB,2018,,,,,,-105,,,,,,,-105,-8.75
Inc OTB,2021,,,,,,,-47.06,-47.06,-47.06,-47.06,-47.06,-47.06,-282.36,-23.53
Inc OTB,2022,-47.06,-47.06,-47.06,,,-154.77,-51.08,-51.08,-51.08,-51.08,-51.08,-51.08,-602.43,-50.2
Inc OTB,2023,-51.08,-51.08,-51.08,-51.08,-51.08,,-51.16,,,,,,-306.56,-25.55
Inc RIFF Brian,2015,,,,,,,,,-4000,2000,,,-2000,-166.67
Inc RIFF Brian,2016,,,,,,,,,-2000,,,,-2000,-166.67
Inc RIFF Brian,2017,,,,,,,,,-2000,,,,-2000,-166.67
Inc RIFF Brian,2018,,,,,,,,,-258.48,-1741.52,,,-2000,-166.67
Inc RIFF Brian,2019,,,-4603.61,,,-4603.61,,,-4603.62,,-4603.61,,-18414.45,-1534.54
Inc RIFF Brian,2020,,,-5043.92,,,-5043.92,,,-5043.92,,,-5043.92,-20175.68,-1681.31
Inc RIFF Brian,2021,,,-4889.05,,,-4889.05,,,-4889.05,,-4889.04,,-19556.19,-1629.68
Inc RIFF Brian,2022,,,-11089.62,,-5544.81,,-5544.81,,,,,,-22179.24,-1848.27
Inc RIFF Brian,2023,-5515.66,,,,,-5517.99,,-5517.99,,,-5515.67,,-22067.31,-1838.94
Inc RIFF Brian,2024,,,-5599.74,-5600,,-3733.07,,,-3733.07,,,-3733.07,-22398.95,-1866.58
Inc RIFF Brian,2025,,,-5952.53,,,-5952.53,,,-5952.54,,,-5952.53,-23810.13,-1984.18
Inc Riff Brian act,2021,1035.42,7840.79,3809.11,4491.68,7037.99,1484.39,-1452.87,4134.51,-2179.16,9931.56,-4814.89,7905.63,39224.16,3268.68
Inc RIFF Brian Invest,2022,-7824.3,-1784.17,-7765.54,-2208.83,-4199.38,24160.9,-7362.99,4879.3,16909.35,-17848.34,-15563.39,8919.1,-9688.29,-807.36
Inc RIFF Brian Invest,2023,-16592.75,7948.83,1102.36,-6890.43,11702.62,-3608.48,-7080.24,1173.81,9703.74,6849.32,-12309.94,-9338.28,-17339.44,-1444.95
Inc RIFF Brian Invest,2024,-2189.5,-1099.05,-12710.56,2745.23,-9209.77,8750.7,-12627.83,159.78,-8431.83,630.09,-6028,5414.31,-34596.43,-2883.04
Inc RIFF Brian Invest,2025,-3642.96,-2330.46,6101.47,9868.05,-14051.26,-4062.23,-13095.08,-11492.92,-16944.16,-4703.75,768.2,3143.25,-50441.85,-4203.49
Inc RIFF Sandy,2021,,,-7576.86,,,,,,,,,,-7576.86,-631.4
Inc RIFF Sandy,2022,,,-8890.14,,,,,,,,,,-8890.14,-740.84
Inc RIFF Sandy,2023,,,-9089.76,,,,,,,,,,-9089.76,-757.48
Inc Riff Sandy act,2021,937.99,3343.31,-3428.01,1903.4,2958.23,3598.3,-664.57,1865.4,1469.05,4232.52,660.7,3591.86,20468.18,1705.68
Inc RIFF Sandy Invest,2022,-3679.26,-458.41,-3505.75,-104.61,-4881.75,9733.2,-2850.03,1689.27,7034.6,-8235.17,-6200.9,3272.9,-8185.91,-682.16
Inc RIFF Sandy Invest,2023,-6124.69,3108.23,632.1,-2697.67,4081.24,-177.28,-3099.25,-246.67,4754.31,1380.32,-4090.58,-2706.59,-5186.53,-432.21
Inc RIFF Sandy Invest,2024,-534.06,-150.16,-4357.5,-129.52,-2589.94,2488.51,-4839.7,-614.81,-3841.06,-1476.66,-2751.91,725.58,-18071.23,-1505.94
Inc RIFF Sandy Invest,2025,-1268.94,-369.25,2554.68,4886.01,-5457.81,-503.77,-7185.9,-5262.83,-7202.97,-2535.62,413.14,1853.11,-20080.15,-1673.35
Inc RRSP Brian,2017,,,-4500,,,,-4500,,,-4500,-9000,,-22500,-1875
Inc RRSP Brian,2018,,,-4500,,,,,,,-4500,-9000,,-18000,-1500
Inc RRSP Sandy,2015,-423.4,,,,,,,,,,,,-423.4,-35.28
Inc RRSP Sandy,2016,,,,,-89.1,,,,,,,,-89.1,-7.42
Inc RRSP Sandy,2017,,,,,,,,-4500,,-4500,,,-9000,-750
Inc RRSP Sandy,2018,,,-4500,,,,,,,-4500,,,-9000,-750
Inc RRSP Sandy,2019,,,,,-4500,,,-4500,,,,,-9000,-750
Inc TSFA Brian,2015,,,,,,,,,-10.78,-26.97,-27.89,-27,-92.64,-7.72
Inc TSFA Brian,2016,-30.63,-25.21,-26.09,-22.98,-17.47,-17.47,-14.74,-12.7,-12.71,-11.33,-10.7,-10.36,-212.39,-17.7
Inc TSFA Brian,2017,-10.71,-9.37,-7.87,-8.72,-8.44,-8.73,,,,-35.55,-10.56,-10.61,-110.56,-9.21
Inc TSFA Brian,2018,-10.97,-11.48,-11.41,-12.65,-8.94,-7.79,-41.45,-57.2,-60.84,-55.63,-64.34,-69.98,-412.68,-34.39
Inc TSFA Brian,2019,-72.48,-72.57,-65.64,-68.77,-74.49,-78.14,-73.71,-85.27,-78.92,-79.53,-80.3,-75.81,-905.63,-75.47
Inc TSFA Brian,2020,-82.14,-78.04,,1083.21,-547.85,-144.73,24.77,-655,-278.9,-53.73,-479.79,-3.16,-1215.36,-101.28
Inc TSFA Brian,2021,-73.26,,-224.52,-82.52,-190.19,-219.99,224.87,-69.81,-348.05,-116.51,-525.67,-143.44,-1769.09,-147.42
Inc TSFA Brian,2022,-329.75,605.82,-80.75,310.84,-770.51,1074.42,481.32,-82.41,1779.62,-1333.62,-2428.13,608.16,-164.99,-13.75
Inc TSFA Brian,2023,-3053.92,1103.71,709.32,-560.44,,-330.13,-2007.04,350.83,-763.5,-495.34,-4156.88,-1325.37,-10528.76,-877.4
Inc TSFA Brian,2024,-404.32,-105.82,-1424.41,381.84,-896.04,1330.65,-2334.55,-1439.04,-1362.32,189.3,-3780.21,3991.47,-5853.45,-487.79
Inc TSFA Brian,2025,-1118.54,-998.33,1667.54,-600.85,-3922.86,953.29,-5129.83,-4230.88,-1916.92,-1632.54,-812.26,-1727.82,-19470,-1622.5
Inc TSFA Sandy,2015,180.52,,,,,,,,-10.78,-26.97,-27.89,-27,87.88,7.32
Inc TSFA Sandy,2016,-30.63,-25.21,-26.09,-22.98,-17.47,-17.47,-14.74,-12.7,-12.71,-11.33,-10.7,-10.36,-212.39,-17.7
Inc TSFA Sandy,2017,-10.71,-9.37,-7.87,-8.72,-8.44,-8.73,,,,-35.55,-10.56,-10.61,-110.56,-9.21
Inc TSFA Sandy,2018,-10.97,-11.48,-11.41,-12.65,-8.94,-7.79,-41.45,-57.2,-60.84,-55.63,-64.34,-69.98,-412.68,-34.39
Inc TSFA Sandy,2019,-72.48,-72.57,-65.64,-68.77,-74.49,-78.14,-73.71,-85.27,-78.92,-79.53,-80.3,-75.81,-905.63,-75.47
Inc TSFA Sandy,2020,-82.14,-78.04,,1083.21,-547.85,-144.73,24.77,-655,-278.9,-53.73,-479.79,-3.16,-1215.36,-101.28
Inc TSFA Sandy,2021,-73.26,,-224.52,-82.52,-190.19,-219.99,224.87,-69.81,-348.05,-116.51,-525.67,847.33,-778.32,-64.86
Inc TSFA Sandy,2022,-2578.78,-467.31,-356.81,1183.05,-962.01,3358.98,-486.3,445.84,3181.58,-2348.45,-4153.87,1388.63,-1795.45,-149.62
Inc TSFA Sandy,2023,-3903.58,1476.76,1492.58,-1616.32,1255.39,-1197.26,-2429.16,1141.54,-710.34,-291.66,-4553.36,-1458.53,-10793.94,-899.5
Inc TSFA Sandy,2024,-1515.2,-124.49,-1931.6,663.12,-2062.94,2036.16,-4308.15,-2474.06,-1991.41,553.87,-4636.44,3634.83,-12156.31,-1013.03
Inc TSFA Sandy,2025,-901.28,-773.52,1346.84,-843.35,-4348.63,1391.57,-4230.48,-3811.11,-3483.53,-2792.08,-1097.59,-1699.11,-21242.27,-1770.19
Insurance,2015,48.21,48.21,96.42,48.21,48.21,48.21,48.21,,48.21,48.21,48.21,96.42,626.73,52.23
Insurance,2015,,,,159.33,,,,,,,,,159.33,13.28
Insurance,2016,48.21,48.21,48.21,48.21,48.21,48.21,48.21,48.21,48.21,48.21,48.21,396.25,926.56,77.21
Insurance,2017,48.21,48.21,48.21,48.21,48.21,48.21,,96.42,48.21,48.21,48.21,348.04,878.35,73.2
Insurance,2018,96.42,48.21,48.21,48.21,48.21,48.21,,48.21,48.21,96.42,48.21,396.25,974.77,81.23
Insurance,2019,,96.42,48.21,,48.21,96.42,48.21,48.21,48.21,48.21,48.21,352.56,882.87,73.57
Insurance,2020,-2204.84,,,,,,,,,,,397.76,-1807.08,-150.59
Insurance,2021,,,,,,,,,,,,442.96,442.96,36.91
Insurance,2022,,,,,,,,,,,,442.96,442.96,36.91
Insurance House,2015,,,,1226.31,,,,,,,-19.44,,1206.87,100.57
Insurance House,2016,,,,,973.08,,,,,,,,973.08,81.09
Insurance House,2017,,,,1067.04,,,,,,,,,1067.04,88.92
Insurance House,2018,,,,183.76,,,,,879.12,,,,1062.88,88.57
Insurance House,2019,,,,,,,,897.48,,,,,897.48,74.79
Insurance House,2020,,,,,,,,914.76,,,,,914.76,76.23
Insurance House,2021,,,,,,,,935.28,,,,,935.28,77.94
Insurance House,2022,,,,,,,,953.64,,,,,953.64,79.47
Insurance House,2023,,,,,,,,1043.28,,,,,1043.28,86.94
Insurance House,2024,,,,,,,,1197.72,,,,,1197.72,99.81
Insurance House,2025,,,,,,,,1267.92,,,,,1267.92,105.66
Insurance KIA,2015,,,,,,1044,,,,,,174.02,1218.02,101.5
Insurance KIA,2016,,,,,,1084,105,,,,,,1189,99.08
Insurance KIA,2017,,,,,,1135,,,,,,,1135,94.58
Insurance KIA,2018,,,,,,734,-47,,-29,,,-18,640,53.33
Insurance KIA,2019,,,,,,638,,,,,,,638,53.17
Insurance KIA,2020,,,,,,557,,-100,,,-50,,407,33.92
Insurance KIA,2021,,,,,,531,,,,,,,531,44.25
Insurance KIA,2022,,,,,,510,,,,,,,510,42.5
Insurance KIA,2023,,,,,,541,,,,,,302.84,843.84,70.32
Insurance KIA,2024,,,,,,1407,,,,,,302.84,1709.84,142.49
Insurance KIA,2025,,,,,,,682,,,,,302.84,984.84,82.07
Insurance Roadtrek,2015,,,,,,,884,,,15.54,,174.02,1073.56,89.46
Insurance Roadtrek,2016,,,,,,870,,,,,,,870,72.5
Insurance Roadtrek,2017,,,,,,870,,,,,,,870,72.5
Insurance Roadtrek,2018,,,,,915,,,,,,,,915,76.25
Insurance Roadtrek,2019,,,,,,915,,,,,,,915,76.25
Insurance Roadtrek,2020,,,,,,915,,,,,,,915,76.25
Insurance Roadtrek,2021,,,,,,915,,,,,,,915,76.25
Insurance Roadtrek,2022,,,,,,950,,,,,,,950,79.17
Insurance Roadtrek,2023,,,,,,950,,,,,,,950,79.17
Insurance Roadtrek,2024,,,,,-143,,,,,,,,-143,-11.92
Insurance Travel Brian,2015,175.32,,,,,,,,,,,,175.32,14.61
Insurance Travel Brian,2016,475.24,,,,-30.73,,,,95.57,,,,540.08,45.01
Insurance Travel Brian,2019,,747.87,,,,,,,,,,,747.87,62.32
Insurance Travel Brian,2020,,723.7,-521.73,,,,-201.97,,,,,,0,0
Insurance Travel Sandy,2016,582.79,,,,,,,,99.9,,,,682.69,56.89
Insurance Travel Sandy,2019,,781.4,,,,,,,,,,,781.4,65.12
Insurance Travel Sandy,2020,,859.21,-629.94,,,,-229.27,,,,,,0,0
Inter.Net,2015,47.4,50.79,50.79,50.79,50.79,50.79,50.79,64.29,167.98,50.79,50.79,54.18,740.17,61.68
Inter.Net,2016,93.73,54.18,54.18,54.18,54.18,54.18,54.18,181.61,54.18,54.18,215.26,54.18,978.22,81.52
Inter.Net,2018,,,,,-45.98,,,,,,,,-45.98,-3.83
Internal Bank Transfers,2016,0,,,,,,,,,,,,0,0
iODE,2024,,,-54.23,32.47,,,,,,36.77,,102,117.01,9.75
iODE,2025,20,,95,85,,48,40,,26.63,20,90,,424.63,35.39
ipad,2015,,,,,,,,,,10.48,,3.94,14.42,1.2
ipad,2016,,4.51,12.41,15.8,31.6,23.7,41.09,142.32,0,,94.85,7.9,374.18,31.18
ipad,2017,110.64,279,15.64,,,,13.2,24.82,39.5,36.11,23.7,7.9,550.51,45.88
ipad,2018,,,,,158.19,,27.98,521.67,524.04,238.43,316.29,293.72,2080.32,173.36
ipad,2019,266.59,192.92,134.41,161.52,126.52,123.12,110.1,145.72,148.53,75.66,243.27,448.16,2176.52,181.38
ipad,2020,291.69,476.96,465.96,401,560.36,398.14,301.57,288.36,278.75,264.06,251.03,237.21,4215.09,351.26
ipad,2021,265.6,289.67,203.71,168.78,118.52,158.03,293.99,57.01,33.29,47.28,101.59,104.4,1841.87,153.49
ipad,2022,55.32,75.39,35.01,19.19,115.21,123.09,42.61,238.32,284.7,334.4,401.05,604.43,2328.72,194.06
ipad,2023,542.82,90.38,180.76,45.19,208.47,253.14,207.79,434.52,124.88,553.4,446.24,264.76,3352.35,279.36
ipad,2024,299.38,395.4,299.38,864.29,,,,79.09,,,,,1937.54,161.46
ipad,2025,,,,0,,,,,,,,,0,0
items,2016,,,,,,,79.29,,,5.66,,,84.95,7.08
items,2018,,,,20.43,,,,,,,,,20.43,1.7
items,2021,24.37,,,,,,,,,,212.1,,236.47,19.71
items,2022,,,16.95,,,,45.18,,,,,,62.13,5.18
items,2025,,,,,,,,78.93,,,,,78.93,6.58
Kia,2018,,,,18876.65,,,,,,,,,18876.65,1573.05
Kijiji,2015,,,,,-700,,,,,,,,-700,-58.33
Laundry,2016,,,12.07,,,,,,,26.84,,,38.91,3.24
Laundry,2017,,,,,,20.85,,,32,,,,52.85,4.4
Laundry,2018,,,,,12,,,,,,,,12,1
Laundry,2019,,14.85,14.85,,,,,,10,,,,39.7,3.31
Laundry,2022,,,,14.85,19.51,,,,,,,,34.36,2.86
Legal,2015,,,,683.65,,,,,,,,,683.65,56.97
Legal,2015,,,,836.85,,,,,,,,,836.85,69.74
Legal,2016,113,,,,734.5,,,,,,,,847.5,70.62
Legal,2017,,,,,,,,,,,1040.96,,1040.96,86.75
Legal Fees,2018,,,,,41012.31,,,8218.55,,,,,49230.86,4102.57
License,2015,,,98,,,,,,,,,,98,8.17
License,2016,108,,,,,,,,,,,,108,9
License,2017,,120,,,,,,,,,,,120,10
License,2018,,90,120,179,,,,,,,35,,424,35.33
License,2019,240,,,,,,,,,,,,240,20
License,2020,90,,,,,,,,,,,,90,7.5
License,2021,,,,,,,,,,240,,,240,20
License,2022,,,,-270,,,,,,,,,-270,-22.5
License,2023,90,,,,,,,,,,,,90,7.5
License,2025,36,,,,,,,,,,,,36,3
License Roadtrek,2015,,,,,,,1012.5,,,,,,1012.5,84.38
License Roadtrek,2016,216,,,,,,,,,,,,216,18
License Roadtrek,2018,,,240,,,,,,,,,,240,20
License Roadtrek,2020,,240,,,,,,,,,,,240,20
License Roadtrek,2022,,,,-350,,,,,,,,,-350,-29.17
License Roadtrek,2024,,,,20,,,,,,,,,20,1.67
Lodging,2015,200,667.46,163.82,,355.42,-180,300,,,,,,1506.7,125.56
Lodging,2016,,,60.78,,,,,,,,,,60.78,5.06
Lodging,2018,,,,,,,591.46,,,,,,591.46,49.29
Lodging,2019,,,,,,,,,,,1065.5,,1065.5,88.79
Lodging,2020,-338.7,,,-56.45,,-56.45,,-540.3,144.97,282.25,,174.69,-389.99,-32.5
Lodging,2021,,,,,,,137.73,400,,,-105.78,,431.95,36
Lodging,2023,,,,,,,,,867.22,,,,867.22,72.27
Lodging,2024,,,375,,,132.7,,100,,,,4689.31,5297.01,441.42
Lodging,2025,100,,,,,972.15,650.91,,,23.6,342.33,,2088.99,174.08
Mac Software,2023,,,,132.18,,,,,,,,147.43,279.61,23.3
Mac Software,2024,5.06,,,170.92,,141.46,,,,,,,317.44,26.45
Mac Software,2025,,,3.34,,,274.72,0.78,3.15,3.15,3.15,3.15,127.68,419.12,34.93
Macbook,2024,,,,,,,,,0,,,,0,0
Maintenance,2019,,,,,20,60,7.9,,,,31.91,,119.81,9.98
Maintenance,2020,,,,,,,,8.46,,,,,8.46,0.7
Maintenance,2021,,,349.97,,,,5.64,,,,,6.77,362.38,30.2
Maintenance,2022,11.43,,,,,,14.11,,,,16.94,,42.48,3.54
Maintenance,2023,,,,,,,17.59,6.77,,225.97,,,250.33,20.86
Maintenance,2024,,29.35,,,,,,,,,,,29.35,2.45
Maintenance,2025,103.95,428.51,85.28,,16.85,,10.72,53.09,33.79,70,,,802.19,66.85
Maintenance KIA,2015,,,886.44,,,90.3,,,,1126.98,,49.64,2153.36,179.45
Maintenance KIA,2016,,,,,997.88,,,,,,,,997.88,83.16
Maintenance KIA,2017,1455.88,19.78,,,,,,20,,,,,1495.66,124.64
Maintenance KIA,2018,,,,,,,56.44,,,56.44,1791.25,,1904.13,158.68
Maintenance KIA,2019,,60.72,,195.49,,,174.89,,,,245.73,,676.83,56.4
Maintenance KIA,2020,,,131.74,,195.49,,,,50.23,135.54,195.49,,708.49,59.04
Maintenance KIA,2021,,12.42,195.49,,,780.15,-90.4,,400.23,,349.11,,1647,137.25
Maintenance KIA,2022,50.23,,,116.68,,,1458.82,,475.47,84,404.99,,2590.19,215.85
Maintenance KIA,2023,,,97.95,283.57,,,50.23,,,,410.64,,842.39,70.2
Maintenance KIA,2024,,263.8,346.25,,,,,,,276.27,,,886.32,73.86
Maintenance KIA,2025,,,,,,,,,73.68,,169.44,,243.12,20.26
Maintenance KIA2,2024,,,,2141,,,,,,245.69,,,2386.69,198.89
Maintenance KIA2,2025,500,14.68,101.93,959.37,,,101.93,,,,158.14,329.06,2165.11,180.43
Maintenance Roadtrek,2015,,,,,,,131.03,,1154.64,38.87,1890.19,,3214.73,267.89
Maintenance Roadtrek,2016,,138.72,2.84,1623.91,,,1997.77,,,1308.32,471.47,277.71,5820.74,485.06
Maintenance Roadtrek,2017,,,,,928.28,156.2,3270,1572.75,639.76,1396.01,,49.64,8012.64,667.72
Maintenance Roadtrek,2018,,,1350.98,,578.53,,,,366.63,235.53,,,2531.67,210.97
Maintenance Roadtrek,2019,,162.38,76.33,451.61,,,79.19,1192.28,121.29,,5718.08,,7801.16,650.1
Maintenance Roadtrek,2020,,,,,1542.37,,,,,152.49,140.33,,1835.19,152.93
Maintenance Roadtrek,2021,,,,,33.89,,,,,27.07,158.14,,219.1,18.26
Maintenance Roadtrek,2022,,,299.61,83.92,181.12,,1061.2,,16.59,17.93,169.44,,1829.81,152.48
Maintenance Roadtrek,2023,,,,,,,,,,,30.5,,30.5,2.54
Maintenance Roadtrek,2024,,,400,1437.1,,,,,,,,,1837.1,153.09
Massage,2025,,,,,,,,,,,,44.69,44.69,3.72
Medical Expense,2020,,,,,,,,,,,,3.08,3.08,0.26
Medical Expense,2023,66.54,22.52,74.18,,,,,,,,,,163.24,13.6
Medical Expense,2024,,,,,,135.6,,,,,,,135.6,11.3
Memberships,2019,135.6,,,,,,,,,,,,135.6,11.3
Memberships,2020,135.6,-640,,,,,,,,,,,-504.4,-42.03
Memberships,2021,135.6,-433.06,,,,,,,,,,,-297.46,-24.79
Memberships,2022,52.11,,,,,,,,,,,,52.11,4.34
Memberships,2023,-486.09,,,,,,,,,,,,-486.09,-40.51
Memberships,2024,135.6,-607.93,,,,,,,,,111.87,,-360.46,-30.04
Memberships,2025,84.14,-778.33,60,,,,,,,,,,-634.19,-52.85
Misc,2015,,,291,60.25,214,180,,30,70,110,25,,980.25,81.69
Misc,2016,110,100,107.53,,550.61,,,,7.67,651,336.95,50,1913.76,159.48
Misc,2017,,28.28,226,,-24,14.95,300,61.96,,270,73,,950.19,79.18
Misc,2018,,90,,316.46,150,200,200,200,220,8.07,120,169,1673.53,139.46
Misc,2019,80,145.16,77.96,165,26.11,-301.21,,50,118.06,50,71.03,405,887.11,73.93
Misc,2020,,,,,188,-280,-90,,291,-4.46,,200,304.54,25.38
Misc,2021,,,-196,,402,,,,,,,,206,17.17
Misc,2022,47,0.01,72.8,-515,,,25.25,-0.25,60.01,205,100.01,,-5.17,-0.43
Misc,2023,,,130,200,200,,100,,-55,,,211,786,65.5
Misc,2024,0.01,17.94,100.01,0.01,0.01,,0.01,235,255.41,235.52,0.01,,843.93,70.33
Misc,2025,,357,70,,200,201,,138.39,,,131.87,,1098.26,91.52
Movies,2015,,,,,,,,,,,,42.99,42.99,3.58
Movies,2016,,,,,,,,,,16.08,,,16.08,1.34
Movies,2017,,13.89,,,,,,,,,,,13.89,1.16
Movies,2018,,,,,,,48.16,,,,,,48.16,4.01
Movies,2023,,60.1,,,,,,,,,,,60.1,5.01
Moving,2018,252.13,5810.84,2253.65,7409.25,3026.79,414,398.8,3261.66,-89.64,,,,22737.48,1894.79
Nails,2015,,,,35.75,,,,,,,,,35.75,2.98
Nails,2016,,,,,,,,,,6.77,,,6.77,0.56
Nails,2017,,,,,,,,36.88,,,,,36.88,3.07
Nails,2018,,,,,,,38.99,,,,,,38.99,3.25
Nails,2021,,,,,,,,45.48,,,,,45.48,3.79
Nails,2022,,45.48,,,,,47.23,,,,,,92.71,7.73
Nails,2023,,,,,47.23,,,146.45,73.45,,97.46,57.33,421.92,35.16
Nails,2024,105.25,,57.33,105.25,55.87,108.01,55.88,105.26,54.01,,,,646.86,53.9
Nails,2025,,,,,,42.94,,,,,,,42.94,3.58
National Parks Canada,2015,,,,,,,,,115.8,,,,115.8,9.65
National Parks Canada,2019,,,,,,,,,135.4,,,,135.4,11.28
National Parks Canada,2020,,,,,,,13.8,,,,,,13.8,1.15
National Parks Canada,2022,,,,,123.5,,,,,,,,123.5,10.29
National Parks USA,2016,,,35.29,19.9,,,64.97,,,120.88,,,241.04,20.09
National Parks USA,2017,,,,,,0,,,,,,,0,0
night out,2017,,,,,,,25,,,,,,25,2.08
night out,2018,,,,,,,240,,,,,,240,20
night out,2019,,,,52,,,,10,,,,,62,5.17
night out,2022,,,,,,,,,,157.1,,,157.1,13.09
night out,2023,,,,,,,,,4,,,,4,0.33
night out,2024,,,,,,,,,,,,40,40,3.33
Office,2015,,26.83,163,,,,,,,-111.87,80.93,,158.89,13.24
Office,2016,,71.12,,,,38.93,,15.48,,,,174.81,300.34,25.03
Office,2017,,678,,,,,,,,,,,678,56.5
Opening Balances,2018,,,,,,,504.78,,,,-203.59,,301.19,25.1
Opening Balances,2019,,,,,,-3285.78,,,,,,,-3285.78,-273.82
Opening Balances,2021,,,4889.05,,,4889.05,,,4889.05,,4889.04,,19556.19,1629.68
Orphan-USD,2016,,,,,,,,,$10.00,,,,$10.00,$0.83
Orphan-USD,2017,-$10.00,,,,,,,,,,,,-$10.00,-$0.83
Other Inc,2016,,-400,,,,,,,,,,,-400,-33.33
Other Inc,2017,,,,,,-500,,,,,,,-500,-41.67
Parking,2015,,,,,,,395.5,,,,,420,815.5,67.96
Parking,2015,16,,,,,,23.75,,,,31,8,78.75,6.56
Parking,2015,7.5,,,,,,,,,,,8,15.5,1.29
Parking,2016,,,,,462,2.74,,,,,,500,964.74,80.4
Parking,2016,6,,,,14,,,,16,,,,36,3
Parking,2017,,,,,200,,,,,500,,,700,58.33
Parking,2017,,,,232.5,89.5,,,24,,,,,346,28.83
Parking,2018,,,,340,,,,,,,,,340,28.33
Parking,2018,,,,,,,,,,,2,,2,0.17
Parking,2019,,24.34,6.83,,,,,,20,,,,51.17,4.26
Parking,2019,9,8,,,,,14,15,,,,,46,3.83
Parking,2021,,,,6,4.55,,,,,,,14.55,25.1,2.09
Parking,2022,4,,22,,,8,24,,4,,,,62,5.17
Parking,2023,12,,,,,12.5,,16,,,16,,56.5,4.71
Parking,2024,,10,,16.5,,,2.7,4,24,28,28,19.21,132.41,11.03
Parking,2025,12,4,,22.5,,8,8,12,,3,15,23,107.5,8.96
Parks Admission,2022,,,,26,,,,,,,,,26,2.17
party,2022,,,,,,,,,,180.79,,,180.79,15.07
party,2023,,,,,,,,,,276.74,63.3,40.61,380.65,31.72
party,2024,,,,,,,,,,,232.87,,232.87,19.41
party,2025,,,,,,,,,,,95,350,445,37.08
Personal,2025,,83.62,,,,,,,,186,176,,445.62,37.14
Pet,2015,,,,,,,,7,,,,,7,0.58
Phone,2017,4.5,4.5,-5.5,,,,,,,,,,3.5,0.29
Pool,2015,,,90.39,,,,,,,,,,90.39,7.53
Postage,2015,19.21,,8.15,,28.82,16.79,1.35,,9.61,,98.1,,182.03,15.17
Postage,2016,,,,,96.05,,,,,,,86.49,182.54,15.21
Postage,2017,,,,,,,,,,,,34.84,34.84,2.9
Postage,2017,,,,,17.85,,,,,,,,17.85,1.49
Postage,2017,,,,11.79,,,,,,,,,11.79,0.98
Postage,2018,,,,,,,,,,11.55,92.08,31.63,135.26,11.27
Postage,2018,,,,,,,,,,9.61,,,9.61,0.8
Postage,2019,15.12,,,,,,,,,,,,15.12,1.26
Postage,2019,,,,,,,27.71,,,,,,27.71,2.31
Postage,2020,,,,,,,,,,,4.75,11.88,16.63,1.39
Postage,2020,,,,,16.89,,,,,,,100,116.89,9.74
Postage,2021,,14.31,43.1,,,,,,,,,11.88,69.29,5.77
Postage,2021,,,,,,88.2,,,,,,,88.2,7.35
Postage,2022,,,,,,,,,,,99.67,17.87,117.54,9.8
Postage,2023,,,,,,,,,,,,47.98,47.98,4
Postage,2023,16.22,,,,,,,,,,,,16.22,1.35
Postage,2024,,19.91,,,,,,,,94.9,,,114.81,9.57
Postage,2025,,,,,,,,,,,,13.34,13.34,1.11
Private H-care,2015,,,,650,,-500,,,,,,,150,12.5
Private H-care,2016,,,,,,500,-500,,,,,,0,0
Private H-care,2018,,,,,0,,,,,,,,0,0
Private H-care,2020,,,,,,,,20,,,,,20,1.67
Private H-care,2025,,,,,,,,,,,16.68,,16.68,1.39
Propane 185,2017,,,,,,,,11.63,,,,,11.63,0.97
Propane 185,2019,,,,,36.14,11.4,,,,,,,47.54,3.96
Propane 185,2020,,,,,,,38.12,12.98,,,,,51.1,4.26
Propane 185,2021,,,,,,,,16.94,,,,,16.94,1.41
Propane 185,2024,,,,,,14.58,,,,,,,14.58,1.22
Propane Roadtrek,2015,,,,,,,,,10.15,,,,10.15,0.85
Propane Roadtrek,2016,,,,,13.17,,17.5,,,24.5,33.65,,88.82,7.4
Propane Roadtrek,2017,,,,,,36.26,,,21.15,,,,57.41,4.78
Propane Roadtrek,2018,,,,,,,19.91,19,,,,,38.91,3.24
Propane Roadtrek,2019,,33.84,9.53,,,,13.32,,,,,,56.69,4.72
Propane Roadtrek,2020,,,,15.1,,,,,,,,,15.1,1.26
Propane Roadtrek,2022,,,22.08,,39.01,23.04,,,,,,,84.13,7.01
Property Taxes,2015,,,318.37,318,318,351.08,,,,,,,1305.45,108.79
QCL,2015,-4000,-6000,,,-7800,,-1700,,,,,,-19500,-1625
QCL,2016,-1500,-2000,,,,-1500,,,,,,,-5000,-416.67
Rent,2015,-1100,-1100,-1100,-1100,-1100,,,,,,,,-5500,-458.33
Rent Casey,2018,,,,,723.2,723.2,723.2,361.6,,,,,2531.2,210.93
Rentals,2016,,,,,,,,302.3,74.94,,,,377.24,31.44
repairs,2015,1000,1846.72,1871.35,648.01,,,,2536.15,24.06,33.25,381.4,,8340.94,695.08
repairs,2016,202.85,,,,,279.37,,,166.95,,,,649.17,54.1
repairs,2017,,,,,,,,,,,124.5,200,324.5,27.04
repairs,2018,,111.29,,,,,,,,,250,313.06,674.35,56.2
repairs,2019,,,,10,,,,,,,,,10,0.83
repairs,2024,,,,,,,,,,6.76,,,6.76,0.56
repairs,2025,420.83,,,12.4,,33.88,,,,,,,467.11,38.93
Restraunts,2025,,,,,,2101.35,,,,,,,2101.35,175.11
RRSP Contrib Brian,2015,,3060,,,,,,,,,,,3060,255
RRSP Contrib Brian,2016,1980,,,,,,,,,,,,1980,165
RRSP Contrib Sandy,2015,,2298,,,,,,,,,,,2298,191.5
RRSP Contrib Sandy,2016,702,,,,,,,,,,,,702,58.5
Salary,2015,4000,6000,,,7800,,1700,,,,,,19500,1625
Salary,2016,1500,2000,,,,1500,,,,,,,5000,416.67
Sandy Personal,2016,,,,,,,,36.14,23.06,30.48,,,89.68,7.47
Sandy Personal,2017,67.4,25.98,,,,,,,,,,,93.38,7.78
Sandy Personal,2018,40.67,,,,,,,,,,,,40.67,3.39
Sandy Personal,2019,,,,,,,,,,,1240,,1240,103.33
Sandy Personal,2020,-591.53,,,,,53.3,,6.95,,,45.48,,-485.8,-40.48
Sandy Personal,2021,,,,,,,49.44,,,,,,49.44,4.12
Sandy Personal,2022,,,,,,,,,24.86,,,,24.86,2.07
Sandy Personal,2023,,,,,,,,107,,,,,107,8.92
Sandy Personal,2024,,,,,,,,84.75,,137.8,262.05,130.29,614.89,51.24
Sandy Personal,2025,,,,,83.9,,,,,71.19,,,155.09,12.92
Sandy Private,2016,,,,,,780.23,,,,,,,780.23,65.02
Sandy wool,2015,,,,,,,-1466.16,,,,,,-1466.16,-122.18
scrapbooking,2015,148.09,213.42,365.62,239.97,313.05,211.47,-225,184.86,,430.67,63.94,61.32,2007.41,167.28
scrapbooking,2016,145.53,772.27,59.47,31.59,243.88,,21.42,,398.85,154.03,124.62,13.01,1964.67,163.72
scrapbooking,2017,297.74,409.26,779.48,414.75,63.09,154.67,170.62,338.83,159.84,615.59,886.38,64.2,4354.45,362.87
scrapbooking,2018,,92.64,194.07,298.69,73.04,58.59,38.39,,16.54,114.69,298.48,27.14,1212.27,101.02
scrapbooking,2019,50.71,22.83,,157.79,68.97,,,,93.87,,221.54,182.93,798.64,66.55
scrapbooking,2020,346.78,541.61,64.91,139.77,106.53,167.68,158.12,930.12,463.6,656.67,185.37,391.6,4152.76,346.06
scrapbooking,2021,347.68,560.53,504.16,147.53,679.35,179.97,1054.53,861.45,873.11,641.74,384.17,348.1,6582.32,548.53
scrapbooking,2022,349.06,427.66,41.08,342.76,13.21,342.71,836.57,466.94,171.37,302.84,181.82,201.46,3677.48,306.46
scrapbooking,2023,860.69,299.39,430.63,160.66,950.82,144.72,413.09,285.29,14.01,877.19,728.19,144.8,5309.48,442.46
scrapbooking,2024,740.13,646.31,883.48,448.22,1806.72,70.34,157.17,408.84,449.97,244.18,282.64,39.21,6177.21,514.77
scrapbooking,2025,454.88,-109.72,94.85,108.66,214.96,,252.08,305.3,416.72,309.11,502.43,13.45,2562.72,213.56
Securiy,2015,45.2,45.2,209.05,45.2,45.2,45.2,45.2,127.32,,45.2,45.2,90.4,788.37,65.7
Securiy,2016,45.2,45.2,45.2,45.2,45.2,45.2,45.2,45.2,45.2,45.2,45.2,45.2,542.4,45.2
Securiy,2017,45.2,,45.2,45.2,45.2,45.2,45.2,45.2,45.2,45.2,45.2,45.2,497.2,41.43
Securiy,2018,45.2,45.2,45.2,45.2,45.2,,,,,,,,226,18.83
Software,2015,,-45.19,25.98,,,,,60.77,,,108.56,85.27,235.39,19.62
Software,2016,11.29,148.26,27.03,,,1.57,,79.8,,,82.85,,350.8,29.23
Software,2017,,,68.56,,,,,,,,78.34,77.15,224.05,18.67
Software,2018,11.5,,,,,,,,,,,100.77,112.27,9.36
Software,2019,,,,116.76,,68.3,,43.73,,,,,228.79,19.07
Software,2020,,,,,,,1.46,1.46,33.09,1.46,112.16,1.46,151.09,12.59
Software,2020,,,94.68,80.21,,,,,,,26.99,,201.88,16.82
Software,2021,1.46,1.46,1.46,1.46,1.46,1.46,1.46,91.45,1.46,1.46,1.46,16.77,122.82,10.24
Software,2022,1.46,1.46,1.46,1.46,1.46,1.46,17.38,1.46,1.46,5.97,1.46,1.46,37.95,3.16
Software,2023,1.46,1.46,34.23,1.46,1.46,135.93,1.46,1.46,90.9,1.46,1.46,1.46,274.2,22.85
Software,2024,1.46,1.46,1.46,1.46,1.46,1.46,1.46,1.46,1.46,1.46,1.46,44.79,60.85,5.07
Software,2025,1.46,1.46,21.24,1.46,1.46,1.46,1.46,1.46,1.46,1.46,1.46,1.46,37.3,3.11
Software,2025,,,29.54,,,,,,,,,,29.54,2.46
Souveniers,2015,,,,,,,,,8.75,,,,8.75,0.73
Souveniers,2016,,,6.08,53.81,,,27.3,,,150.32,157.2,,394.71,32.89
Souveniers,2017,,50.79,,,,113.21,,,94.65,,,,258.65,21.55
Souveniers,2019,,133.47,125.42,,,,,,12.42,,,,271.31,22.61
Souveniers,2022,,,,161.53,55.43,51.36,,,,,,,268.32,22.36
State Parks,2015,,,,,,,,,42.18,,,,42.18,3.52
State Parks,2016,,,8.54,,,,,,,21.47,,,30.01,2.5
Stuff,2015,153.65,,273.74,,,74.02,14.05,,,,24.99,30.11,570.56,47.55
Stuff,2016,110.74,,,,37.09,,,22.53,,,,136.36,306.72,25.56
Stuff,2017,45.98,61.12,77.48,,,,158.56,10.16,,232.05,20.32,14,619.67,51.64
Stuff,2018,75.61,-55.16,48.28,,,,205.51,364.89,403.8,497.57,315.01,98.65,1954.16,162.85
Stuff,2019,462.32,5.53,65.57,,,,9.57,50.79,,13.54,713.91,26.19,1347.42,112.28
Stuff,2020,68.61,20,28.24,22.58,604,6.63,-181.99,,,,,36.17,604.24,50.35
Stuff,2021,,400,,,,,,,,,57.19,,457.19,38.1
Stuff,2022,,11.24,,,,,38.42,,,19.21,19.49,168.68,257.04,21.42
Stuff,2023,217.35,12.98,45.18,,,,251.96,,,47.53,54.63,,629.63,52.47
Stuff,2024,,,35,50,,,,,9.02,,,51.5,145.52,12.13
Stuff,2025,34.95,,,,,,10.16,,112.29,90.62,57.59,,305.61,25.47
Stuff 185,2018,,,,,,,273.31,745.38,,17,81.68,12.42,1129.79,94.15
Stuff 185,2019,,,,1389.27,378.75,168.07,52.52,28.25,,56.48,33.88,22.59,2129.81,177.48
Stuff 185,2020,50.89,,131.4,,,31.62,68.86,,6.08,22.57,7.9,53.08,372.4,31.03
Stuff 185,2021,,,203.4,,,,22.49,36.14,,14.11,,,276.14,23.01
Stuff 185,2022,196.61,,,6.2,,,40,,,,12.98,,255.79,21.32
Stuff 185,2023,,,,,,,20.76,,,,9.03,,29.79,2.48
Stuff 185,2024,,,,,,,,,,,,14.68,14.68,1.22
Stuff 185,2025,,,,,,,,,,16.93,,,16.93,1.41
Supplies,2015,,,,,,6.2,63.78,,15.54,,,,85.52,7.13
Supplies,2016,,,30.15,9.3,,,17.84,,,25.9,,,83.19,6.93
Supplies,2018,,6.68,,,,,,,,,,,6.68,0.56
Tax Brian,2015,,,,768.26,,,,,,,,1000,1768.26,147.36
Tax Brian,2016,,,,25008.44,,,,,,,,,25008.44,2084.04
Tax Brian,2017,,,-222.22,,,,,,,,,,-222.22,-18.52
Tax Brian,2018,,,94.4,,,,,,,,,,94.4,7.87
Tax Brian,2019,,,,1523.9,,,,,,,,,1523.9,126.99
Tax Brian,2020,,,,706.69,,,,0,,,,,706.69,58.89
Tax Brian,2021,,,,1053.42,,,,,,,,,1053.42,87.78
Tax Brian,2022,,,,882.03,,,,,,,,,882.03,73.5
Tax Brian,2023,,,,2789.19,,,,,,,,,2789.19,232.43
Tax Brian,2024,,,,3919.61,,,,,,,,,3919.61,326.63
Tax Brian,2025,,,,3914.32,,,,,1957,,,1957,7828.32,652.36
Tax Sandy,2015,,,,212.93,,,,,,,,,212.93,17.74
Tax Sandy,2017,,,-936,,,,,,,,,,-936,-78
Tax Sandy,2018,,,1186.06,,,,,,,,,,1186.06,98.84
Tax Sandy,2019,,,,841.18,,,,,,,,,841.18,70.1
Tax Sandy,2020,,,,2104.88,,,,,,,,,2104.88,175.41
Tax Sandy,2021,1147.15,,,3269.02,,,,,,,,,4416.17,368.01
Tax Sandy,2022,,,,3958.66,,,,969,969,,,,5896.66,491.39
Tax Sandy,2023,,,730,409.66,,,,,,,,,1139.66,94.97
Tax Sandy,2024,,,,2115.5,,-734.48,,,,,,,1381.02,115.08
Tax Sandy,2025,,,,804.6,,,,,,,,,804.6,67.05
taxes,2015,1017,240.06,,,240.06,,,240.06,,,240.06,,1977.24,164.77
taxes,2016,1017,,,,49.72,,,,,,,,1066.72,88.89
Taxi,2017,,,,,,,,,30,,,,30,2.5
Theatre,2015,,,,,,,35,,,,,,35,2.92
Theatre,2016,4.19,,,,,,,,,12.06,,19,35.25,2.94
Theatre,2017,15,,,,,,,,122,49.47,,,186.47,15.54
Theatre,2018,,,,,,55,,25,,159,45.24,,284.24,23.69
Theatre,2019,,,,50,,78,,,,,100,33,261,21.75
Theatre,2021,,,,,,,,,,185.85,,,185.85,15.49
Theatre,2022,,,,27.83,,,,20,,57.18,,,105.01,8.75
Theatre,2023,206.36,,,154,58,219.44,149.16,,,,216,,1002.96,83.58
Theatre,2024,131.08,99.44,,,60,397.5,40,,,,,,728.02,60.67
Theatre,2025,,,672.84,-91,1081.36,25,102.06,,276,204.75,-64.7,,2206.31,183.86
Tolls,2015,,13.99,,,,,,,,,14.69,,28.68,2.39
Tolls,2016,,,,,,,,,,17.53,,,17.53,1.46
Tolls,2017,,,,,,,,,13.25,46.5,,,59.75,4.98
Tolls,2017,12.87,,,,19.97,29.86,,,28.32,,14.68,,105.7,8.81
Tolls,2018,13.85,13.9,13.1,,,35.75,68.86,43.6,10.74,22.01,29.96,68.1,319.87,26.66
Tolls,2019,,4.25,,,,,,,,,,,4.25,0.35
Tolls,2019,29.96,33.35,9.6,10.61,94.34,109.76,64.48,49.08,53.86,39.4,81.72,80.76,656.92,54.74
Tolls,2020,,45.8,96.85,,20.47,,,126.45,,97.63,,,387.2,32.27
Tolls,2021,,,52.25,,9.81,,114.95,27.69,20.12,13.68,,35.92,274.42,22.87
Tolls,2022,,,,5,,3.96,,,,,,,8.96,0.75
Tolls,2022,,,44.2,104.05,62.93,,30.19,74.22,45.06,54.36,62.69,,477.7,39.81
Tolls,2023,,,,,3.96,,,,,,,,3.96,0.33
Tolls,2023,,,,10.84,,,,98.59,,32.62,,,142.05,11.84
Tolls,2024,,,,,,,24.76,27.69,45.53,18.68,87.93,,204.59,17.05
Tolls,2025,23.74,23.74,,,,,14.52,81.13,155.33,68.71,56.1,,423.27,35.27
Tours,2016,,,433.87,167.31,,,75.95,,,32.21,38.88,,748.22,62.35
Tours,2017,,,,,,665.85,,,55.7,,,,721.55,60.13
Tours,2018,,,5.51,,,,,,,,,,5.51,0.46
Tours,2019,,,66.39,,,,,,192.49,,,,258.88,21.57
Travel,2015,15.9,,,,,40.23,,,,,,,56.13,4.68
Travel,2015,320,64.01,309.76,,271.75,,,,,,,,965.52,80.46
Travel,2016,,,,,,,,,,,,312.45,312.45,26.04
Travel,2017,,,,,,,,,,54.04,55.47,,109.51,9.13
Travel,2017,,,,,161.5,,,,,,,,161.5,13.46
Travel,2017,63,64.94,,,,,,,,,,,127.94,10.66
Travel,2018,,,,,,,,,,155.6,,,155.6,12.97
Travel,2018,,240.73,,,,,,,,,,,240.73,20.06
Travel,2018,,1000,,,,,,,,,,,1000,83.33
Travel,2019,,,-757.25,,,,,,,,,,-757.25,-63.1
Travel,2019,,,,8984,,,,37.73,133.92,928.46,152.36,,10236.47,853.04
Travel,2020,,,,,,,,,,,,25.41,25.41,2.12
Travel,2020,-250,,,,,,,,47.69,35.8,,,-166.51,-13.88
Travel,2021,,,,,,,,,1000,,5543.9,,6543.9,545.32
Travel,2022,,,60,,,,,,,,,,60,5
Travel,2023,,2583.5,,50,,,2019,56.94,392.38,,,10052.93,15154.75,1262.9
Travel,2024,,,,,,,,,,,-44,,-44,-3.67
Travel,2024,,,1640.24,,,83.5,1028.38,598.98,,27.75,,715.62,4094.47,341.21
Travel,2025,,,,,391.27,902.38,,599.71,,200.42,6067.25,,8161.03,680.09
Tv,2015,7.99,7.99,7.99,58.1,7.99,7.99,7.99,7.99,7.99,7.99,7.99,7.99,145.99,12.17
Tv,2016,7.99,7.99,7.99,7.99,7.99,9.99,9.99,9.99,9.99,9.99,9.99,9.99,109.88,9.16
Tv,2018,10.99,10.99,10.99,10.99,10.99,10.99,10.99,10.99,10.99,10.99,10.99,10.99,131.88,10.99
Tv,2019,10.99,13.99,13.99,13.99,13.99,13.99,13.99,13.99,13.99,13.99,13.99,13.99,164.88,13.74
Tv,2020,13.99,13.99,13.99,16.99,16.99,16.99,16.99,16.99,16.99,16.99,16.99,16.99,194.88,16.24
Tv,2021,16.99,18.99,18.99,,,,,,,,,,54.97,4.58
Tv,2024,,,,,,,,,3.38,,,,3.38,0.28
Uber,2018,,,,,34.28,,,,,,,,34.28,2.86
Util Electric,2015,280.68,,180.06,,183.4,,166.64,,163.81,,156.34,,1130.93,94.24
Util Electric,2016,210.34,,220.97,,151.41,,200.24,,217.51,102.58,82.49,72.07,1257.61,104.8
Util Electric,2017,118.21,112.2,88.27,87.92,106.16,68.03,56.11,68.09,69.71,89.47,74.3,75.26,1013.73,84.48
Util Electric,2018,89.58,98.41,77.68,74.28,82.83,67.82,,,,88.26,91.05,86.51,756.42,63.04
Util Electric,2019,85.54,92.4,80.23,64.49,85.84,81.88,81.58,105.76,115.72,73.32,93.26,78.9,1038.92,86.58
Util Electric,2020,115.6,105.11,87.51,82.26,91.74,72.69,89.51,113.62,92.43,86.16,74.59,75.63,1086.85,90.57
Util Electric,2021,98.63,84.33,89.97,96.86,74.21,71.14,82.82,88.2,89.1,123.66,73.18,78.08,1050.18,87.52
Util Electric,2022,84.62,80.85,77.6,72.65,66.41,57.56,81.92,97.52,103.68,89.55,80.21,85.1,977.67,81.47
Util Electric,2023,99.55,87.75,91.36,81.38,83.98,74.67,89.92,97.79,86.51,71.21,93.67,92.23,1050.02,87.5
Util Electric,2024,94.25,87.64,86.11,80.65,79.1,78.66,84.64,88.46,92.31,82.26,104.54,85.28,1043.9,86.99
Util Electric,2025,89.72,112.42,83.63,81.78,89.94,82.75,83.87,154.16,116.79,86.14,85.7,79.94,1146.84,95.57
Util Freedom Mobile,2015,,,,,,,,118.96,90.57,52.38,51.13,47.35,360.39,30.03
Util Freedom Mobile,2016,44.07,50.17,49.72,49.72,44.08,45.31,117.39,49.33,50.45,72.82,,164.7,737.76,61.48
Util Freedom Mobile,2017,,29.75,44.8,44.07,59.32,96.85,136.97,51.7,110.91,66.61,44.07,44.07,729.12,60.76
Util Freedom Mobile,2018,44.07,50.74,84.47,54.24,83.22,126.39,116.9,362.84,-27.6,77.41,132.78,20.28,1125.74,93.81
Util Freedom Mobile,2019,61.64,,107.77,65.38,44.07,44.07,88.14,44.07,79.1,44.07,56.5,44.07,678.88,56.57
Util Freedom Mobile,2020,56.5,,68.64,47.4,50.23,150.69,82.66,150.23,,138.88,45.09,45.37,835.69,69.64
Util Freedom Mobile,2021,45.56,44.75,45.6,44.64,44.47,,129.1,170.52,45.54,49.32,50.4,45.99,715.89,59.66
Util Freedom Mobile,2022,44.35,45.03,49.55,45.71,44.07,59.72,86.33,167.07,130.29,61.75,163.74,,897.61,74.8
Util Freedom Mobile,2023,-11.77,,,,,,,,,,,,-11.77,-0.98
Util Freedom Mobile,2025,,,,,107.56,50.85,50.85,50.85,50.85,50.85,50.85,50.85,463.51,38.63
Util Gas & Oil,2015,160.23,246.4,,254.89,262.83,,69.59,101.99,45.55,,68.13,219.92,1429.53,119.13
Util Gas & Oil,2016,,162.92,304.66,286.24,,,0.81,,93.76,,74.12,196.29,1118.8,93.23
Util Gas & Oil,2017,182.66,161.83,202.61,,252.46,57.68,,82.33,56.12,,171.18,149.08,1315.95,109.66
Util Gas & Oil,2018,243.29,225.51,175.83,,315.47,24.62,,,,38.48,89.36,65.11,1177.67,98.14
Util Gas & Oil,2019,75.54,105.71,95.7,70.75,67.5,54.18,39.37,32.44,30.92,27.82,42.12,66.77,708.82,59.07
Util Gas & Oil,2020,172.02,,90.03,73.17,72.85,56.64,37.64,33.94,25.43,38.35,55.86,68.66,724.59,60.38
Util Gas & Oil,2021,66.23,98.47,108.34,150.3,,55.72,32.46,33.58,32.09,31.71,46.03,86.79,741.72,61.81
Util Gas & Oil,2022,80.22,123,128.16,102.27,101.72,34.12,36.63,36.31,37.67,35.47,84.19,101.12,900.88,75.07
Util Gas & Oil,2023,164.27,152.12,172.66,134.73,104.65,63.02,35.23,35.75,38.16,36.22,60,101.28,1098.09,91.51
Util Gas & Oil,2024,114.54,136.45,138.15,97.46,90.21,37.08,81.24,39.87,60.82,38.5,73.9,74.32,982.54,81.88
Util Gas & Oil,2025,126.34,147.34,173.47,98.73,101.55,54.58,57.11,62.87,41.36,41.96,41.8,76.75,1023.86,85.32
Util Internet,2017,54.18,53.05,53.05,53.05,53.05,53.05,53.05,53.05,53.05,53.05,53.05,53.05,637.73,53.14
Util Internet,2018,53.05,53.05,53.05,53.05,53.05,,,,194.65,,67.79,135.58,663.27,55.27
Util Internet,2019,67.79,,67.79,71.18,71.18,71.18,78.38,37.29,,37.29,37.29,37.29,576.66,48.06
Util Internet,2020,38.37,79.1,1.46,41.81,41.81,41.81,74.46,119.51,71.51,79.09,79.09,79.09,747.11,62.26
Util Internet,2021,79.09,81.31,79.09,79.09,79.09,79.09,79.09,114.12,112.99,112.99,112.99,112.99,1121.93,93.49
Util Internet,2022,112.99,112.99,112.99,225.98,112.99,,112.99,112.99,94.77,112.99,112.99,112.99,1337.66,111.47
Util Internet,2023,112.99,112.99,116.38,116.38,116.38,116.38,116.38,232.76,,116.38,116.38,116.38,1389.78,115.82
Util Internet,2024,116.38,120.9,120.9,120.9,120.9,120.9,120.9,120.9,120.9,120.9,120.9,120.9,1446.28,120.52
Util Internet,2025,120.9,120.9,120.9,120.9,229.91,,128.81,128.81,128.81,128.81,128.81,128.81,1486.37,123.86
Util phone Rogers,2023,72.91,45.2,45.2,45.2,45.2,45.2,45.2,90.4,,45.2,45.2,45.2,570.11,47.51
Util phone Rogers,2024,45.2,49.72,49.72,49.72,49.72,49.72,49.72,49.72,49.72,49.72,49.72,49.72,592.12,49.34
Util phone Rogers,2025,66.67,66.67,53.68,53.68,53.68,,,,,,,,294.38,24.53
Util Roam,2018,,,,,,,,,,,,11.24,11.24,0.94
Util Roam,2019,,169.32,,,27.95,124.42,,,,39.13,,,360.82,30.07
Util Roam,2020,,,,,,,-152.37,,,,,,-152.37,-12.7
Util Speakout,2017,,,,,,,,,,,,139.55,139.55,11.63
Util Speakout,2018,,,,,,,,,,,28.25,,28.25,2.35
Util Speakout,2019,,,,,,,,,,,28.25,,28.25,2.35
Util Speakout,2020,,,,,,,,,,,28.25,,28.25,2.35
Util Speakout,2021,,,,,,,,,,,28.25,,28.25,2.35
Util Speakout,2022,,,,,,,,,,,28.25,,28.25,2.35
Util Speakout,2023,,,,,,,,,,28.25,,,28.25,2.35
Util Speakout,2024,,,,,,,,,,28.25,,,28.25,2.35
Util Speakout,2025,,,,,,,,28.25,,,,15.82,44.07,3.67
Util Telephone,2015,11.3,15.28,19.26,11.3,7.96,22.6,139.14,3.98,,65.4,4.5,9,309.72,25.81
Util Telephone,2016,4.5,4.5,4.5,4.5,4.5,139.96,4.5,4.5,4.5,4.5,4.5,4.5,189.46,15.79
Util Telephone,2017,,,-90,,,,,,,,,,-90,-7.5
Util TV,2022,,120,,,,,,,,,,,120,10
Util TV,2023,150,,,,,,,,,,,,150,12.5
Util TV,2024,125,,,,,,,,,,,,125,10.42
Util TV,2025,150,,,,,,,,,,,,150,12.5
Util Use Net,2017,,,,,,,,103.23,,,,,103.23,8.6
Util Use Net,2018,,0,,,,,,,,,24.48,,24.48,2.04
Util Use Net,2020,,,,,,,,48.16,,,16.07,,64.23,5.35
Util Use Net,2021,,,,,,,,44.06,,,,,44.06,3.67
Util Use Net,2022,,,,,,,,45.34,,,,,45.34,3.78
Util Use Net,2023,,,,,,,,47.53,,,,,47.53,3.96
Util Use Net,2024,,,,,,,,47.02,,,,,47.02,3.92
Util Use Net,2025,,,,,,,,48.3,,,,,48.3,4.02
Util voip.ms,2017,38.16,77.06,38.16,,38.39,,,,35.81,,,36.56,264.14,22.01
Util voip.ms,2018,,,37.87,,,38.61,,,,37.83,,37.83,152.14,12.68
Util voip.ms,2019,,,37.83,,39.03,,,37.83,,,38.59,,153.28,12.77
Util voip.ms,2020,,37.83,,40.64,,37.83,,37.83,,,37.83,37.83,229.79,19.15
Util voip.ms,2021,35.79,,35.79,,37.83,,,37.83,,37.83,,,185.07,15.42
Util voip.ms,2022,37.83,37.83,,,,37.83,,37.83,,37.83,,37.83,226.98,18.92
Util voip.ms,2023,,37.83,,,37.83,,,37.83,,,37.83,,151.32,12.61
Util voip.ms,2024,37.83,,37.83,,37.83,,,40.22,,39.84,,,193.55,16.13
Util voip.ms,2025,41.86,41.83,,,41.83,,41.83,,,41.83,,39.95,249.13,20.76
Util VPN,2017,,,,,,,,,,,,78.11,78.11,6.51
Util VPN,2019,,,,,,,,,,,,80.65,80.65,6.72
Util VPN,2021,,,,,,,,,,,,78.88,78.88,6.57
Util VPN,2023,,,,,,,,,,,,81.88,81.88,6.82
Util Water,2015,133.65,,,,141.94,,,,171.08,,,,446.67,37.22
Util Water,2016,144.03,,,,90.6,,,,113.41,,,,348.04,29
Util Water,2017,105.09,,,157.77,,,,,109.61,,,,372.47,31.04
Util Water,2018,174.82,,,,179.5,55.27,,,,,227.59,,637.18,53.1
Util Water,2019,138.13,,154.58,,154.58,,154.58,,154.58,,154.58,,911.03,75.92
Util Water,2020,154.58,,157.52,,157.52,,184.56,,157.52,,157.52,,969.22,80.77
Util Water,2021,157.52,,200.52,,191,,242.24,,250.64,,179.44,,1221.36,101.78
Util Water,2022,199.16,,182.84,,180.75,,148.73,,192.87,,185.01,,1089.36,90.78
Util Water,2023,191.05,,191.95,,195.53,,197.12,,190.11,,176.65,,1142.41,95.2
Util Water,2024,195.71,,190.22,,194.64,,196.71,,187.76,,198.71,,1163.75,96.98
Util Water,2025,205.36,,200.47,,202.21,,188.94,,201.31,,208.3,,1206.59,100.55
Vehicle,2015,,,,,4000,,50000,,,,,,54000,4500
Vehicle,2024,,,,-49000,,,,,,,,,-49000,-4083.33
verizon,2019,,231.15,,,,,,,,,,,231.15,19.26
verizon,2022,,,,111.28,195.06,,,,,,,,306.34,25.53
Video,2016,16.76,,,,,,,,,,,,16.76,1.4
Wash,2018,,,,,10.16,19.16,,13.55,13.55,,,40.65,97.07,8.09
Wash,2019,,13.55,,,13.55,,,,,,,13.55,40.65,3.39
Wash,2020,27.1,,13.55,,,,,,13.55,13.55,,,67.75,5.65
Wash,2021,13.55,6.43,13.55,,,13.55,11.29,,,,,13.55,71.92,5.99
Wash,2022,11.29,,35.79,67.43,,,,,,,,27.1,141.61,11.8
Wash,2023,,13.55,13.55,,,14.68,,,,,,,41.78,3.48
Wash,2024,,31.62,,15.81,,,24.85,,14,15.81,40.66,,142.75,11.9
Wash,2025,24.85,15.81,15.81,,,15.81,,,15.81,,,,88.09,7.34
Water,2015,186.89,,,,210.41,,114.94,,,,,,512.24,42.69
Wi-Fi,2017,,,,,,,,,2.5,,,,2.5,0.21
zz_Taxes,2015,,,,,,,,,2.37,,,,2.37,0.2
